"","id","position"
"1",1,"developer"
"2",2,"developer"
"3",3,"developer"
"4",4,"engineer"
"5",5,"developer"
"6",6,"developer"
"7",7,"assistant"
"8",8,"engineer"
"9",9,NA
"10",10,"developer"
"11",11,"developer"
"12",12,"developer"
"13",13,"developer"
"14",14,"developer"
"15",15,"developer"
"16",16,"engineer"
"17",17,"engineer"
"18",18,"student"
"19",19,"engineer"
"20",20,NA
"21",21,"developer"
"22",22,"developer"
"23",23,"engineer"
"24",24,"engineer"
"25",25,"developer"
"26",26,"analyst"
"27",27,NA
"28",28,"engineer"
"29",29,"engineer"
"30",30,"researcher"
"31",31,"engineer"
"32",32,NA
"33",33,"engineer"
"34",34,NA
"35",35,"programmer"
"36",36,"analyst"
"37",37,"developer"
"38",38,"engineer"
"39",39,"developer"
"40",40,"developer"
"41",41,"assistant"
"42",42,NA
"43",43,"developer"
"44",44,"programmer"
"45",45,"developer"
"46",46,"developer"
"47",47,NA
"48",48,"engineer"
"49",49,"engineer"
"50",50,NA
"51",51,"programmer"
"52",52,"developer"
"53",53,NA
"54",54,"engineer"
"55",55,"scientist"
"56",56,"developer"
"57",57,NA
"58",58,"developer"
"59",59,"developer"
"60",60,"management"
"61",61,"manager"
"62",62,NA
"63",63,"developer"
"64",64,"developer"
"65",65,"engineer"
"66",66,"engineer"
"67",67,"assistant"
"68",68,"developer"
"69",69,"developer"
"70",70,"developer"
"71",71,NA
"72",72,"assistant"
"73",73,"engineer"
"74",74,"assistant"
"75",75,"controller"
"76",76,NA
"77",77,"engineer"
"78",78,"architect"
"79",79,"engineer"
"80",80,"graduate"
"81",81,"tester"
"82",82,"engineer"
"83",83,"management"
"84",84,"developer"
"85",85,"developer"
"86",86,NA
"87",87,"developer"
"88",88,NA
"89",89,"engineer"
"90",90,"engineer"
"91",91,"engineer"
"92",92,"analyst"
"93",93,"analyst"
"94",94,"student"
"95",95,"developer"
"96",96,"graduate"
"97",97,"programmer"
"98",98,"freelance"
"99",99,"developer"
"100",100,NA
"101",101,"architect"
"102",102,"developer"
"103",103,"engineer"
"104",104,"assistant"
"105",105,"analyst"
"106",106,NA
"107",107,"developer"
"108",108,"developer"
"109",109,"consultant"
"110",110,"developer"
"111",111,"developer"
"112",112,"engineer"
"113",113,NA
"114",114,"developer"
"115",115,"assistant"
"116",116,"consultant"
"117",117,"engineer"
"118",118,NA
"119",119,"engineer"
"120",120,"engineer"
"121",121,"associate"
"122",122,"engineer"
"123",123,"developer"
"124",124,"developer"
"125",125,"analyst"
"126",126,"developer"
"127",127,"engineer"
"128",128,"engineer"
"129",129,NA
"130",130,"engineer"
"131",131,"assistant"
"132",132,"engineer"
"133",133,NA
"134",134,"engineer"
"135",135,"developer"
"136",136,NA
"137",137,"developer"
"138",138,"developer"
"139",139,NA
"140",140,"assistant"
"141",141,"developer"
"142",142,"engineer"
"143",143,"engineer"
"144",144,"consultant"
"145",145,"assistant"
"146",146,"developer"
"147",147,NA
"148",148,"consultant"
"149",149,"developer"
"150",150,"developer"
"151",151,"developer"
"152",152,"engineer"
"153",153,"developer"
"154",154,"engineer"
"155",155,"management"
"156",156,"developer"
"157",157,"developer"
"158",158,"assistant"
"159",159,"developer"
"160",160,"developer"
"161",161,NA
"162",162,NA
"163",163,"developer"
"164",164,"consultant"
"165",165,"engineer"
"166",166,"designer"
"167",167,"engineer"
"168",168,"developer"
"169",169,"internship"
"170",170,"assistant"
"171",171,NA
"172",172,"consultant"
"173",173,"developer"
"174",174,"developer"
"175",175,NA
"176",176,"developer"
"177",177,"developer"
"178",178,"developer"
"179",179,"developer"
"180",180,"engineer"
"181",181,"engineer"
"182",182,NA
"183",183,"assistant"
"184",184,"management"
"185",185,"developer"
"186",186,"assistant"
"187",187,"developer"
"188",188,"engineer"
"189",189,"developer"
"190",190,NA
"191",191,"engineer"
"192",192,NA
"193",193,"engineer"
"194",194,"graduate"
"195",195,"developer"
"196",196,"assistant"
"197",197,"developer"
"198",198,"developer"
"199",199,NA
"200",200,"programmer"
"201",201,"developer"
"202",202,"engineer"
"203",203,"developer"
"204",204,"developer"
"205",205,NA
"206",206,"developer"
"207",207,"engineer"
"208",208,"programmer"
"209",209,NA
"210",210,"developer"
"211",211,"analyst"
"212",212,"developer"
"213",213,"engineer"
"214",214,"management"
"215",215,"engineer"
"216",216,"developer"
"217",217,"developer"
"218",218,"engineer"
"219",219,"engineer"
"220",220,"developer"
"221",221,"developer"
"222",222,"developer"
"223",223,NA
"224",224,"developer"
"225",225,"developer"
"226",226,"analyst"
"227",227,"engineer"
"228",228,NA
"229",229,"developer"
"230",230,NA
"231",231,"associate"
"232",232,NA
"233",233,"compliance"
"234",234,"engineer"
"235",235,NA
"236",236,"architect"
"237",237,"compliance"
"238",238,"developer"
"239",239,"developer"
"240",240,"assistant"
"241",241,NA
"242",242,NA
"243",243,"assistant"
"244",244,"internship"
"245",245,"developer"
"246",246,"engineer"
"247",247,NA
"248",248,NA
"249",249,"engineer"
"250",250,"developer"
"251",251,"developer"
"252",252,NA
"253",253,"developer"
"254",254,NA
"255",255,NA
"256",256,"engineer"
"257",257,NA
"258",258,NA
"259",259,"engineer"
"260",260,"architect"
"261",261,"developer"
"262",262,"developer"
"263",263,"developer"
"264",264,"developer"
"265",265,"developer"
"266",266,"developer"
"267",267,"developer"
"268",268,"developer"
"269",269,NA
"270",270,"developer"
"271",271,"developer"
"272",272,NA
"273",273,NA
"274",274,"developer"
"275",275,"developer"
"276",276,NA
"277",277,NA
"278",278,NA
"279",279,"developer"
"280",280,"developer"
"281",281,NA
"282",282,NA
"283",283,"consultant"
"284",284,NA
"285",285,"analyst"
"286",286,"management"
"287",287,"consultant"
"288",288,"developer"
"289",289,"developer"
"290",290,"developer"
"291",291,"engineer"
"292",292,"management"
"293",293,"developer"
"294",294,"developer"
"295",295,NA
"296",296,"developer"
"297",297,"consultant"
"298",298,NA
"299",299,"consultant"
"300",300,"developer"
"301",301,"programmer"
"302",302,"student"
"303",303,"engineer"
"304",304,"administrator"
"305",305,"administrator"
"306",306,NA
"307",307,"developer"
"308",308,"management"
"309",309,"assistant"
"310",310,"developer"
"311",311,"developer"
"312",312,NA
"313",313,"engineer"
"314",314,"engineer"
"315",315,"administrator"
"316",316,"developer"
"317",317,"developer"
"318",318,"developer"
"319",319,"developer"
"320",320,"associate"
"321",321,"analyst"
"322",322,"developer"
"323",323,"assistant"
"324",324,"developer"
"325",325,NA
"326",326,"developer"
"327",327,"developer"
"328",328,"developer"
"329",329,"analyst"
"330",330,"engineer"
"331",331,"developer"
"332",332,"consultant"
"333",333,"developer"
"334",334,NA
"335",335,NA
"336",336,"manager"
"337",337,"engineer"
"338",338,"associate"
"339",339,"developer"
"340",340,"analyst"
"341",341,"engineer"
"342",342,"management"
"343",343,"manager"
"344",344,"analyst"
"345",345,NA
"346",346,"scientist"
"347",347,NA
"348",348,"researcher"
"349",349,"developer"
"350",350,"developer"
"351",351,"developer"
"352",352,"developer"
"353",353,"developer"
"354",354,"management"
"355",355,"developer"
"356",356,NA
"357",357,"developer"
"358",358,"developer"
"359",359,"developer"
"360",360,"assistant"
"361",361,"developer"
"362",362,"developer"
"363",363,"manager"
"364",364,"consultant"
"365",365,"developer"
"366",366,"developer"
"367",367,"developer"
"368",368,"developer"
"369",369,"analyst"
"370",370,"engineer"
"371",371,"developer"
"372",372,"engineer"
"373",373,"engineer"
"374",374,"assistant"
"375",375,"developer"
"376",376,"developer"
"377",377,NA
"378",378,"developer"
"379",379,"developer"
"380",380,"engineer"
"381",381,"developer"
"382",382,"developer"
"383",383,"engineer"
"384",384,"developer"
"385",385,"engineer"
"386",386,"engineer"
"387",387,"engineer"
"388",388,NA
"389",389,"analyst"
"390",390,"developer"
"391",391,"developer"
"392",392,"engineer"
"393",393,"developer"
"394",394,"engineer"
"395",395,"consultant"
"396",396,"developer"
"397",397,NA
"398",398,"developer"
"399",399,"developer"
"400",400,"developer"
"401",401,NA
"402",402,"developer"
"403",403,"programmer"
"404",404,"developer"
"405",405,"analyst"
"406",406,NA
"407",407,"developer"
"408",408,"engineer"
"409",409,"developer"
"410",410,"developer"
"411",411,"developer"
"412",412,"developer"
"413",413,"programmer"
"414",414,"developer"
"415",415,"assistant"
"416",416,"analyst"
"417",417,"consultant"
"418",418,"developer"
"419",419,"analyst"
"420",420,"developer"
"421",421,"developer"
"422",422,NA
"423",423,NA
"424",424,"developer"
"425",425,"analyst"
"426",426,"developer"
"427",427,"developer"
"428",428,"engineer"
"429",429,"analyst"
"430",430,"developer"
"431",431,"researcher"
"432",432,"developer"
"433",433,"internship"
"434",434,NA
"435",435,"developer"
"436",436,"assistant"
"437",437,"manager"
"438",438,NA
"439",439,"developer"
"440",440,"developer"
"441",441,NA
"442",442,"developer"
"443",443,NA
"444",444,"engineer"
"445",445,NA
"446",446,"programmer"
"447",447,"developer"
"448",448,"analyst"
"449",449,"developer"
"450",450,"analyst"
"451",451,"developer"
"452",452,NA
"453",453,NA
"454",454,"architect"
"455",455,"engineer"
"456",456,"developer"
"457",457,"assistant"
"458",458,"assistant"
"459",459,"developer"
"460",460,"developer"
"461",461,"engineer"
"462",462,"developer"
"463",463,"engineer"
"464",464,"engineer"
"465",465,"programmer"
"466",466,"engineer"
"467",467,"developer"
"468",468,"developer"
"469",469,"developer"
"470",470,NA
"471",471,"developer"
"472",472,"engineer"
"473",473,"developer"
"474",474,NA
"475",475,"analyst"
"476",476,NA
"477",477,"developer"
"478",478,"developer"
"479",479,"developer"
"480",480,"assistant"
"481",481,"student"
"482",482,NA
"483",483,"developer"
"484",484,"developer"
"485",485,"developer"
"486",486,NA
"487",487,"developer"
"488",488,"engineer"
"489",489,"assistant"
"490",490,"analyst"
"491",491,"engineer"
"492",492,NA
"493",493,"developer"
"494",494,"developer"
"495",495,"assistant"
"496",496,"developer"
"497",497,"developer"
"498",498,"architect"
"499",499,"developer"
"500",500,"developer"
"501",501,"developer"
"502",502,"engineer"
"503",503,"architect"
"504",504,"engineer"
"505",505,"developer"
"506",506,"assistant"
"507",507,"assistant"
"508",508,"management"
"509",509,"developer"
"510",510,"management"
"511",511,"assistant"
"512",512,NA
"513",513,"programmer"
"514",514,"developer"
"515",515,"developer"
"516",516,NA
"517",517,NA
"518",518,"developer"
"519",519,NA
"520",520,"researcher"
"521",521,"assistant"
"522",522,"developer"
"523",523,"management"
"524",524,"developer"
"525",525,"engineer"
"526",526,"developer"
"527",527,"developer"
"528",528,"developer"
"529",529,"compliance"
"530",530,"student"
"531",531,"developer"
"532",532,"developer"
"533",533,"developer"
"534",534,"engineer"
"535",535,NA
"536",536,"developer"
"537",537,"engineer"
"538",538,NA
"539",539,"developer"
"540",540,"consultant"
"541",541,"manager"
"542",542,"developer"
"543",543,"developer"
"544",544,"developer"
"545",545,"developer"
"546",546,"developer"
"547",547,NA
"548",548,"developer"
"549",549,"analyst"
"550",550,"assistant"
"551",551,NA
"552",552,"developer"
"553",553,"engineer"
"554",554,"management"
"555",555,"developer"
"556",556,"assistant"
"557",557,"architect"
"558",558,"engineer"
"559",559,"management"
"560",560,"management"
"561",561,"developer"
"562",562,"developer"
"563",563,"developer"
"564",564,"developer"
"565",565,"developer"
"566",566,"manager"
"567",567,NA
"568",568,"consultant"
"569",569,"management"
"570",570,NA
"571",571,"engineer"
"572",572,"engineer"
"573",573,"management"
"574",574,NA
"575",575,"engineer"
"576",576,"developer"
"577",577,"engineer"
"578",578,"developer"
"579",579,"architect"
"580",580,NA
"581",581,"developer"
"582",582,NA
"583",583,NA
"584",584,"analyst"
"585",585,"analyst"
"586",586,"manager"
"587",587,"developer"
"588",588,"assistant"
"589",589,"programmer"
"590",590,"administrator"
"591",591,NA
"592",592,"developer"
"593",593,"analyst"
"594",594,"assistant"
"595",595,"engineer"
"596",596,"engineer"
"597",597,"management"
"598",598,"assistant"
"599",599,NA
"600",600,"developer"
"601",601,"engineer"
"602",602,"consultant"
"603",603,"management"
"604",604,"consultant"
"605",605,NA
"606",606,"developer"
"607",607,NA
"608",608,"developer"
"609",609,NA
"610",610,"developer"
"611",611,"developer"
"612",612,"developer"
"613",613,"developer"
"614",614,"developer"
"615",615,"developer"
"616",616,"programmer"
"617",617,"developer"
"618",618,"developer"
"619",619,"engineer"
"620",620,NA
"621",621,"developer"
"622",622,"engineer"
"623",623,"engineer"
"624",624,"freelance"
"625",625,"graduate"
"626",626,NA
"627",627,NA
"628",628,"engineer"
"629",629,NA
"630",630,"developer"
"631",631,"engineer"
"632",632,NA
"633",633,NA
"634",634,"developer"
"635",635,NA
"636",636,"developer"
"637",637,"developer"
"638",638,"developer"
"639",639,"developer"
"640",640,NA
"641",641,"developer"
"642",642,"developer"
"643",643,"developer"
"644",644,"analyst"
"645",645,"scientist"
"646",646,"engineer"
"647",647,"developer"
"648",648,"developer"
"649",649,"engineer"
"650",650,"developer"
"651",651,"developer"
"652",652,"programmer"
"653",653,"developer"
"654",654,"developer"
"655",655,"developer"
"656",656,"developer"
"657",657,"consultant"
"658",658,"assistant"
"659",659,"analyst"
"660",660,"developer"
"661",661,"developer"
"662",662,NA
"663",663,"developer"
"664",664,"developer"
"665",665,"developer"
"666",666,"developer"
"667",667,"developer"
"668",668,"developer"
"669",669,"developer"
"670",670,"analyst"
"671",671,"developer"
"672",672,NA
"673",673,"developer"
"674",674,"consultant"
"675",675,"developer"
"676",676,"consultant"
"677",677,"developer"
"678",678,"architect"
"679",679,"developer"
"680",680,"engineer"
"681",681,"developer"
"682",682,"developer"
"683",683,NA
"684",684,"developer"
"685",685,"developer"
"686",686,"engineer"
"687",687,NA
"688",688,"developer"
"689",689,"student"
"690",690,"manager"
"691",691,"developer"
"692",692,"student"
"693",693,"management"
"694",694,"engineer"
"695",695,"consultant"
"696",696,NA
"697",697,NA
"698",698,"developer"
"699",699,"developer"
"700",700,"researcher"
"701",701,"developer"
"702",702,"engineer"
"703",703,"developer"
"704",704,NA
"705",705,"engineer"
"706",706,"developer"
"707",707,"architect"
"708",708,"developer"
"709",709,"graduate"
"710",710,"developer"
"711",711,"graduate"
"712",712,"developer"
"713",713,"developer"
"714",714,"programmer"
"715",715,"assistant"
"716",716,"developer"
"717",717,"engineer"
"718",718,"developer"
"719",719,NA
"720",720,"developer"
"721",721,"developer"
"722",722,NA
"723",723,"developer"
"724",724,"engineer"
"725",725,"engineer"
"726",726,"developer"
"727",727,"developer"
"728",728,"developer"
"729",729,"developer"
"730",730,"developer"
"731",731,"developer"
"732",732,"developer"
"733",733,"architect"
"734",734,NA
"735",735,"assistant"
"736",736,"engineer"
"737",737,"developer"
"738",738,"developer"
"739",739,"compliance"
"740",740,"engineer"
"741",741,"developer"
"742",742,"developer"
"743",743,NA
"744",744,"developer"
"745",745,"engineer"
"746",746,"developer"
"747",747,"developer"
"748",748,NA
"749",749,"engineer"
"750",750,"developer"
"751",751,"analyst"
"752",752,"developer"
"753",753,"architect"
"754",754,NA
"755",755,NA
"756",756,"assistant"
"757",757,NA
"758",758,"developer"
"759",759,"developer"
"760",760,"assistant"
"761",761,"developer"
"762",762,"consultant"
"763",763,"developer"
"764",764,"student"
"765",765,NA
"766",766,NA
"767",767,"developer"
"768",768,"developer"
"769",769,"developer"
"770",770,NA
"771",771,"consultant"
"772",772,"engineer"
"773",773,"engineer"
"774",774,NA
"775",775,"assistant"
"776",776,"engineer"
"777",777,"engineer"
"778",778,"graduate"
"779",779,"management"
"780",780,"analyst"
"781",781,"assistant"
"782",782,"assistant"
"783",783,"developer"
"784",784,"developer"
"785",785,NA
"786",786,NA
"787",787,NA
"788",788,"developer"
"789",789,"developer"
"790",790,"graduate"
"791",791,"developer"
"792",792,NA
"793",793,"engineer"
"794",794,"manager"
"795",795,NA
"796",796,NA
"797",797,"developer"
"798",798,"developer"
"799",799,NA
"800",800,NA
"801",801,"engineer"
"802",802,"assistant"
"803",803,NA
"804",804,"developer"
"805",805,"engineer"
"806",806,"controller"
"807",807,"developer"
"808",808,NA
"809",809,"developer"
"810",810,"administrator"
"811",811,"developer"
"812",812,"engineer"
"813",813,"engineer"
"814",814,NA
"815",815,NA
"816",816,"assistant"
"817",817,"developer"
"818",818,NA
"819",819,NA
"820",820,"internship"
"821",821,"developer"
"822",822,"engineer"
"823",823,"administrator"
"824",824,NA
"825",825,"developer"
"826",826,"developer"
"827",827,NA
"828",828,"engineer"
"829",829,"graduate"
"830",830,"analyst"
"831",831,"scientist"
"832",832,"consultant"
"833",833,"developer"
"834",834,"developer"
"835",835,"consultant"
"836",836,"developer"
"837",837,"developer"
"838",838,NA
"839",839,"developer"
"840",840,"consultant"
"841",841,"developer"
"842",842,"developer"
"843",843,"developer"
"844",844,"developer"
"845",845,"developer"
"846",846,NA
"847",847,"engineer"
"848",848,"developer"
"849",849,"developer"
"850",850,"developer"
"851",851,"developer"
"852",852,"developer"
"853",853,"developer"
"854",854,"developer"
"855",855,"developer"
"856",856,"developer"
"857",857,NA
"858",858,"developer"
"859",859,"developer"
"860",860,"manager"
"861",861,"developer"
"862",862,"manager"
"863",863,"administrator"
"864",864,"developer"
"865",865,"administrator"
"866",866,NA
"867",867,"developer"
"868",868,NA
"869",869,"developer"
"870",870,"developer"
"871",871,"developer"
"872",872,"developer"
"873",873,"manager"
"874",874,"developer"
"875",875,"developer"
"876",876,"developer"
"877",877,"analyst"
"878",878,"developer"
"879",879,"developer"
"880",880,"developer"
"881",881,"developer"
"882",882,"developer"
"883",883,"developer"
"884",884,NA
"885",885,"developer"
"886",886,"developer"
"887",887,"developer"
"888",888,"assistant"
"889",889,"management"
"890",890,"developer"
"891",891,"graduate"
"892",892,"developer"
"893",893,NA
"894",894,"engineer"
"895",895,"assistant"
"896",896,NA
"897",897,"engineer"
"898",898,"scientist"
"899",899,NA
"900",900,NA
"901",901,"developer"
"902",902,"developer"
"903",903,"developer"
"904",904,"associate"
"905",905,"engineer"
"906",906,"freelance"
"907",907,"assistant"
"908",908,"student"
"909",909,NA
"910",910,"compliance"
"911",911,NA
"912",912,"engineer"
"913",913,"internship"
"914",914,"developer"
"915",915,"analyst"
"916",916,"scientist"
"917",917,NA
"918",918,NA
"919",919,"programmer"
"920",920,"freelance"
"921",921,"engineer"
"922",922,"consultant"
"923",923,NA
"924",924,"developer"
"925",925,"engineer"
"926",926,NA
"927",927,"analyst"
"928",928,"developer"
"929",929,NA
"930",930,"management"
"931",931,"developer"
"932",932,"developer"
"933",933,"associate"
"934",934,"engineer"
"935",935,"engineer"
"936",936,"researcher"
"937",937,"analyst"
"938",938,"internship"
"939",939,"engineer"
"940",940,"developer"
"941",941,"graduate"
"942",942,"assistant"
"943",943,"engineer"
"944",944,"analyst"
"945",945,"developer"
"946",946,"assistant"
"947",947,"management"
"948",948,"researcher"
"949",949,"consultant"
"950",950,NA
"951",951,"developer"
"952",952,"engineer"
"953",953,"consultant"
"954",954,"analyst"
"955",955,"graduate"
"956",956,NA
"957",957,"developer"
"958",958,"assistant"
"959",959,"internship"
"960",960,"graduate"
"961",961,"developer"
"962",962,NA
"963",963,"developer"
"964",964,"assistant"
"965",965,NA
"966",966,"analyst"
"967",967,"developer"
"968",968,NA
"969",969,"management"
"970",970,"graduate"
"971",971,NA
"972",972,"assistant"
"973",973,"engineer"
"974",974,"analyst"
"975",975,"developer"
"976",976,NA
"977",977,NA
"978",978,"assistant"
"979",979,"engineer"
"980",980,"developer"
"981",981,"engineer"
"982",982,"associate"
"983",983,"developer"
"984",984,"developer"
"985",985,NA
"986",986,"developer"
"987",987,"graduate"
"988",988,"engineer"
"989",989,"developer"
"990",990,"management"
"991",991,"student"
"992",992,"engineer"
"993",993,"engineer"
"994",994,NA
"995",995,"developer"
"996",996,"manager"
"997",997,"developer"
"998",998,"engineer"
"999",999,"engineer"
"1000",1000,NA
"1001",1001,"developer"
"1002",1002,NA
"1003",1003,"engineer"
"1004",1004,"developer"
"1005",1005,"programmer"
"1006",1006,"engineer"
"1007",1007,"graduate"
"1008",1008,"assistant"
"1009",1009,"management"
"1010",1010,"analyst"
"1011",1011,"graduate"
"1012",1012,"consultant"
"1013",1013,"developer"
"1014",1014,"associate"
"1015",1015,NA
"1016",1016,"developer"
"1017",1017,"developer"
"1018",1018,"developer"
"1019",1019,"engineer"
"1020",1020,NA
"1021",1021,"developer"
"1022",1022,"developer"
"1023",1023,"consultant"
"1024",1024,"engineer"
"1025",1025,"developer"
"1026",1026,"architect"
"1027",1027,"developer"
"1028",1028,"freelance"
"1029",1029,"developer"
"1030",1030,"graduate"
"1031",1031,NA
"1032",1032,NA
"1033",1033,"developer"
"1034",1034,"analyst"
"1035",1035,"developer"
"1036",1036,"developer"
"1037",1037,"manager"
"1038",1038,"developer"
"1039",1039,"developer"
"1040",1040,NA
"1041",1041,"developer"
"1042",1042,"developer"
"1043",1043,"assistant"
"1044",1044,"assistant"
"1045",1045,NA
"1046",1046,"developer"
"1047",1047,"developer"
"1048",1048,"engineer"
"1049",1049,"consultant"
"1050",1050,"engineer"
"1051",1051,"programmer"
"1052",1052,"developer"
"1053",1053,"engineer"
"1054",1054,NA
"1055",1055,"developer"
"1056",1056,"management"
"1057",1057,NA
"1058",1058,"analyst"
"1059",1059,"engineer"
"1060",1060,"developer"
"1061",1061,"developer"
"1062",1062,NA
"1063",1063,"developer"
"1064",1064,"manager"
"1065",1065,NA
"1066",1066,"developer"
"1067",1067,"developer"
"1068",1068,"engineer"
"1069",1069,"developer"
"1070",1070,NA
"1071",1071,NA
"1072",1072,NA
"1073",1073,"engineer"
"1074",1074,NA
"1075",1075,NA
"1076",1076,"developer"
"1077",1077,NA
"1078",1078,"engineer"
"1079",1079,"engineer"
"1080",1080,"developer"
"1081",1081,"developer"
"1082",1082,"developer"
"1083",1083,"developer"
"1084",1084,"developer"
"1085",1085,"internship"
"1086",1086,"engineer"
"1087",1087,"developer"
"1088",1088,"engineer"
"1089",1089,"developer"
"1090",1090,NA
"1091",1091,"developer"
"1092",1092,"developer"
"1093",1093,"architect"
"1094",1094,"developer"
"1095",1095,NA
"1096",1096,"developer"
"1097",1097,"developer"
"1098",1098,NA
"1099",1099,NA
"1100",1100,"developer"
"1101",1101,"analyst"
"1102",1102,"developer"
"1103",1103,NA
"1104",1104,"student"
"1105",1105,NA
"1106",1106,NA
"1107",1107,NA
"1108",1108,NA
"1109",1109,NA
"1110",1110,"developer"
"1111",1111,"management"
"1112",1112,NA
"1113",1113,"assistant"
"1114",1114,"researcher"
"1115",1115,"management"
"1116",1116,NA
"1117",1117,"architect"
"1118",1118,"developer"
"1119",1119,"programmer"
"1120",1120,"scientist"
"1121",1121,"developer"
"1122",1122,"engineer"
"1123",1123,"engineer"
"1124",1124,NA
"1125",1125,NA
"1126",1126,NA
"1127",1127,"developer"
"1128",1128,"developer"
"1129",1129,NA
"1130",1130,"consultant"
"1131",1131,NA
"1132",1132,"developer"
"1133",1133,"developer"
"1134",1134,"developer"
"1135",1135,"assistant"
"1136",1136,NA
"1137",1137,"associate"
"1138",1138,"engineer"
"1139",1139,"consultant"
"1140",1140,"developer"
"1141",1141,"engineer"
"1142",1142,"consultant"
"1143",1143,"internship"
"1144",1144,"administrator"
"1145",1145,NA
"1146",1146,"developer"
"1147",1147,NA
"1148",1148,"developer"
"1149",1149,"assistant"
"1150",1150,"programmer"
"1151",1151,"engineer"
"1152",1152,"management"
"1153",1153,"engineer"
"1154",1154,"analyst"
"1155",1155,NA
"1156",1156,"management"
"1157",1157,"analyst"
"1158",1158,"developer"
"1159",1159,NA
"1160",1160,"developer"
"1161",1161,"programmer"
"1162",1162,NA
"1163",1163,"developer"
"1164",1164,"developer"
"1165",1165,"developer"
"1166",1166,"developer"
"1167",1167,"developer"
"1168",1168,"programmer"
"1169",1169,NA
"1170",1170,"developer"
"1171",1171,"developer"
"1172",1172,NA
"1173",1173,"engineer"
"1174",1174,"engineer"
"1175",1175,"developer"
"1176",1176,NA
"1177",1177,"developer"
"1178",1178,NA
"1179",1179,"researcher"
"1180",1180,NA
"1181",1181,"developer"
"1182",1182,NA
"1183",1183,"engineer"
"1184",1184,"graduate"
"1185",1185,"researcher"
"1186",1186,"engineer"
"1187",1187,NA
"1188",1188,NA
"1189",1189,"developer"
"1190",1190,"engineer"
"1191",1191,"consultant"
"1192",1192,NA
"1193",1193,"developer"
"1194",1194,"developer"
"1195",1195,"analyst"
"1196",1196,"engineer"
"1197",1197,"developer"
"1198",1198,NA
"1199",1199,"engineer"
"1200",1200,"engineer"
"1201",1201,"engineer"
"1202",1202,"engineer"
"1203",1203,"engineer"
"1204",1204,NA
"1205",1205,"developer"
"1206",1206,"developer"
"1207",1207,"analyst"
"1208",1208,"developer"
"1209",1209,"engineer"
"1210",1210,"graduate"
"1211",1211,NA
"1212",1212,"management"
"1213",1213,"internship"
"1214",1214,"developer"
"1215",1215,NA
"1216",1216,NA
"1217",1217,"engineer"
"1218",1218,"management"
"1219",1219,NA
"1220",1220,"engineer"
"1221",1221,NA
"1222",1222,"assistant"
"1223",1223,"manager"
"1224",1224,"developer"
"1225",1225,"graduate"
"1226",1226,"engineer"
"1227",1227,"administrator"
"1228",1228,"developer"
"1229",1229,"developer"
"1230",1230,"student"
"1231",1231,"analyst"
"1232",1232,"engineer"
"1233",1233,"engineer"
"1234",1234,"developer"
"1235",1235,"developer"
"1236",1236,"developer"
"1237",1237,"management"
"1238",1238,"developer"
"1239",1239,"engineer"
"1240",1240,"developer"
"1241",1241,NA
"1242",1242,"analyst"
"1243",1243,NA
"1244",1244,"developer"
"1245",1245,"engineer"
"1246",1246,"assistant"
"1247",1247,"developer"
"1248",1248,"engineer"
"1249",1249,NA
"1250",1250,NA
"1251",1251,"engineer"
"1252",1252,"developer"
"1253",1253,"manager"
"1254",1254,"programmer"
"1255",1255,"developer"
"1256",1256,"developer"
"1257",1257,"developer"
"1258",1258,"engineer"
"1259",1259,"internship"
"1260",1260,"administrator"
"1261",1261,"scientist"
"1262",1262,"engineer"
"1263",1263,"manager"
"1264",1264,"student"
"1265",1265,NA
"1266",1266,"engineer"
"1267",1267,"engineer"
"1268",1268,"consultant"
"1269",1269,"analyst"
"1270",1270,"developer"
"1271",1271,"associate"
"1272",1272,NA
"1273",1273,"developer"
"1274",1274,"developer"
"1275",1275,"engineer"
"1276",1276,"manager"
"1277",1277,"associate"
"1278",1278,"engineer"
"1279",1279,"engineer"
"1280",1280,"freelance"
"1281",1281,"developer"
"1282",1282,NA
"1283",1283,NA
"1284",1284,NA
"1285",1285,"designer"
"1286",1286,NA
"1287",1287,"engineer"
"1288",1288,"manager"
"1289",1289,"engineer"
"1290",1290,"developer"
"1291",1291,"consultant"
"1292",1292,"engineer"
"1293",1293,NA
"1294",1294,"engineer"
"1295",1295,"developer"
"1296",1296,"freelance"
"1297",1297,"engineer"
"1298",1298,"programmer"
"1299",1299,"manager"
"1300",1300,"engineer"
"1301",1301,NA
"1302",1302,NA
"1303",1303,"engineer"
"1304",1304,"management"
"1305",1305,"researcher"
"1306",1306,"engineer"
"1307",1307,"engineer"
"1308",1308,"developer"
"1309",1309,NA
"1310",1310,"engineer"
"1311",1311,"developer"
"1312",1312,"graduate"
"1313",1313,"assistant"
"1314",1314,"developer"
"1315",1315,"developer"
"1316",1316,"management"
"1317",1317,"engineer"
"1318",1318,"developer"
"1319",1319,"developer"
"1320",1320,"developer"
"1321",1321,"developer"
"1322",1322,NA
"1323",1323,"engineer"
"1324",1324,"developer"
"1325",1325,NA
"1326",1326,"compliance"
"1327",1327,"engineer"
"1328",1328,NA
"1329",1329,"developer"
"1330",1330,NA
"1331",1331,"architect"
"1332",1332,"developer"
"1333",1333,"analyst"
"1334",1334,NA
"1335",1335,"controller"
"1336",1336,"engineer"
"1337",1337,"analyst"
"1338",1338,"manager"
"1339",1339,"developer"
"1340",1340,NA
"1341",1341,NA
"1342",1342,"developer"
"1343",1343,"developer"
"1344",1344,"associate"
"1345",1345,NA
"1346",1346,NA
"1347",1347,"consultant"
"1348",1348,"developer"
"1349",1349,"engineer"
"1350",1350,"engineer"
"1351",1351,"developer"
"1352",1352,"engineer"
"1353",1353,"developer"
"1354",1354,NA
"1355",1355,"developer"
"1356",1356,"consultant"
"1357",1357,NA
"1358",1358,"developer"
"1359",1359,"engineer"
"1360",1360,"programmer"
"1361",1361,"developer"
"1362",1362,"architect"
"1363",1363,"engineer"
"1364",1364,"engineer"
"1365",1365,NA
"1366",1366,NA
"1367",1367,NA
"1368",1368,NA
"1369",1369,"engineer"
"1370",1370,NA
"1371",1371,"analyst"
"1372",1372,"manager"
"1373",1373,"assistant"
"1374",1374,NA
"1375",1375,"consultant"
"1376",1376,"developer"
"1377",1377,"developer"
"1378",1378,"developer"
"1379",1379,NA
"1380",1380,NA
"1381",1381,"developer"
"1382",1382,"engineer"
"1383",1383,"developer"
"1384",1384,"student"
"1385",1385,"engineer"
"1386",1386,"developer"
"1387",1387,"graduate"
"1388",1388,"assistant"
"1389",1389,NA
"1390",1390,"developer"
"1391",1391,NA
"1392",1392,NA
"1393",1393,"developer"
"1394",1394,NA
"1395",1395,"engineer"
"1396",1396,"scientist"
"1397",1397,"engineer"
"1398",1398,"developer"
"1399",1399,"internship"
"1400",1400,"developer"
"1401",1401,"management"
"1402",1402,"developer"
"1403",1403,"engineer"
"1404",1404,"engineer"
"1405",1405,"assistant"
"1406",1406,NA
"1407",1407,"engineer"
"1408",1408,"student"
"1409",1409,"management"
"1410",1410,"engineer"
"1411",1411,"developer"
"1412",1412,"developer"
"1413",1413,"developer"
"1414",1414,"developer"
"1415",1415,"assistant"
"1416",1416,"engineer"
"1417",1417,"freelance"
"1418",1418,"administrator"
"1419",1419,"developer"
"1420",1420,"developer"
"1421",1421,"developer"
"1422",1422,NA
"1423",1423,"developer"
"1424",1424,"developer"
"1425",1425,"consultant"
"1426",1426,"engineer"
"1427",1427,"engineer"
"1428",1428,"developer"
"1429",1429,"administrator"
"1430",1430,"engineer"
"1431",1431,NA
"1432",1432,NA
"1433",1433,"developer"
"1434",1434,"associate"
"1435",1435,NA
"1436",1436,NA
"1437",1437,"programmer"
"1438",1438,"engineer"
"1439",1439,"engineer"
"1440",1440,"engineer"
"1441",1441,"engineer"
"1442",1442,"developer"
"1443",1443,"developer"
"1444",1444,"associate"
"1445",1445,"assistant"
"1446",1446,"analyst"
"1447",1447,"assistant"
"1448",1448,"developer"
"1449",1449,NA
"1450",1450,"engineer"
"1451",1451,"developer"
"1452",1452,"developer"
"1453",1453,"management"
"1454",1454,"developer"
"1455",1455,"developer"
"1456",1456,"programmer"
"1457",1457,"developer"
"1458",1458,"developer"
"1459",1459,NA
"1460",1460,NA
"1461",1461,"student"
"1462",1462,"developer"
"1463",1463,NA
"1464",1464,NA
"1465",1465,"developer"
"1466",1466,"developer"
"1467",1467,"developer"
"1468",1468,"developer"
"1469",1469,"assistant"
"1470",1470,"developer"
"1471",1471,"architect"
"1472",1472,"assistant"
"1473",1473,"developer"
"1474",1474,"developer"
"1475",1475,"programmer"
"1476",1476,"developer"
"1477",1477,"developer"
"1478",1478,"consultant"
"1479",1479,"engineer"
"1480",1480,NA
"1481",1481,"management"
"1482",1482,NA
"1483",1483,"consultant"
"1484",1484,NA
"1485",1485,"management"
"1486",1486,"engineer"
"1487",1487,"developer"
"1488",1488,"developer"
"1489",1489,"engineer"
"1490",1490,"engineer"
"1491",1491,"developer"
"1492",1492,"developer"
"1493",1493,"administrator"
"1494",1494,NA
"1495",1495,"assistant"
"1496",1496,NA
"1497",1497,NA
"1498",1498,"assistant"
"1499",1499,"developer"
"1500",1500,"engineer"
"1501",1501,"engineer"
"1502",1502,NA
"1503",1503,"developer"
"1504",1504,"developer"
"1505",1505,"developer"
"1506",1506,"developer"
"1507",1507,"developer"
"1508",1508,NA
"1509",1509,"administrator"
"1510",1510,"developer"
"1511",1511,"developer"
"1512",1512,"engineer"
"1513",1513,NA
"1514",1514,NA
"1515",1515,"developer"
"1516",1516,"developer"
"1517",1517,"consultant"
"1518",1518,"assistant"
"1519",1519,"developer"
"1520",1520,"management"
"1521",1521,"engineer"
"1522",1522,"programmer"
"1523",1523,NA
"1524",1524,"engineer"
"1525",1525,"developer"
"1526",1526,"developer"
"1527",1527,"assistant"
"1528",1528,"graduate"
"1529",1529,"graduate"
"1530",1530,"engineer"
"1531",1531,"assistant"
"1532",1532,NA
"1533",1533,"developer"
"1534",1534,"developer"
"1535",1535,"developer"
"1536",1536,NA
"1537",1537,"developer"
"1538",1538,"developer"
"1539",1539,"programmer"
"1540",1540,"manager"
"1541",1541,"management"
"1542",1542,"developer"
"1543",1543,"analyst"
"1544",1544,"assistant"
"1545",1545,"engineer"
"1546",1546,"developer"
"1547",1547,"manager"
"1548",1548,"engineer"
"1549",1549,"developer"
"1550",1550,"management"
"1551",1551,NA
"1552",1552,"developer"
"1553",1553,"manager"
"1554",1554,"developer"
"1555",1555,"developer"
"1556",1556,NA
"1557",1557,"developer"
"1558",1558,NA
"1559",1559,NA
"1560",1560,"engineer"
"1561",1561,"associate"
"1562",1562,NA
"1563",1563,NA
"1564",1564,"developer"
"1565",1565,"engineer"
"1566",1566,"developer"
"1567",1567,"freelance"
"1568",1568,"developer"
"1569",1569,"administrator"
"1570",1570,"developer"
"1571",1571,NA
"1572",1572,"developer"
"1573",1573,"developer"
"1574",1574,"developer"
"1575",1575,"programmer"
"1576",1576,"analyst"
"1577",1577,NA
"1578",1578,"controller"
"1579",1579,"compliance"
"1580",1580,"developer"
"1581",1581,"developer"
"1582",1582,"consultant"
"1583",1583,"developer"
"1584",1584,NA
"1585",1585,"engineer"
"1586",1586,"developer"
"1587",1587,"developer"
"1588",1588,NA
"1589",1589,NA
"1590",1590,"analyst"
"1591",1591,"developer"
"1592",1592,"developer"
"1593",1593,"freelance"
"1594",1594,"developer"
"1595",1595,NA
"1596",1596,"developer"
"1597",1597,"engineer"
"1598",1598,NA
"1599",1599,"salesforce"
"1600",1600,NA
"1601",1601,"management"
"1602",1602,"manager"
"1603",1603,"developer"
"1604",1604,NA
"1605",1605,"engineer"
"1606",1606,"engineer"
"1607",1607,"engineer"
"1608",1608,"researcher"
"1609",1609,NA
"1610",1610,"developer"
"1611",1611,"developer"
"1612",1612,"developer"
"1613",1613,"developer"
"1614",1614,"researcher"
"1615",1615,"developer"
"1616",1616,"analyst"
"1617",1617,"analyst"
"1618",1618,"assistant"
"1619",1619,"developer"
"1620",1620,"developer"
"1621",1621,"engineer"
"1622",1622,"developer"
"1623",1623,"engineer"
"1624",1624,"developer"
"1625",1625,"consultant"
"1626",1626,NA
"1627",1627,"developer"
"1628",1628,"developer"
"1629",1629,NA
"1630",1630,"engineer"
"1631",1631,"engineer"
"1632",1632,"developer"
"1633",1633,"engineer"
"1634",1634,"scientist"
"1635",1635,"developer"
"1636",1636,"engineer"
"1637",1637,"freelance"
"1638",1638,"engineer"
"1639",1639,"analyst"
"1640",1640,"developer"
"1641",1641,"researcher"
"1642",1642,"engineer"
"1643",1643,"engineer"
"1644",1644,"associate"
"1645",1645,"analyst"
"1646",1646,NA
"1647",1647,"developer"
"1648",1648,"engineer"
"1649",1649,"graduate"
"1650",1650,"engineer"
"1651",1651,"salesforce"
"1652",1652,"architect"
"1653",1653,"assistant"
"1654",1654,"engineer"
"1655",1655,"developer"
"1656",1656,"developer"
"1657",1657,"developer"
"1658",1658,"engineer"
"1659",1659,NA
"1660",1660,"engineer"
"1661",1661,"architect"
"1662",1662,"associate"
"1663",1663,"developer"
"1664",1664,NA
"1665",1665,"manager"
"1666",1666,NA
"1667",1667,"programmer"
"1668",1668,"assistant"
"1669",1669,"management"
"1670",1670,"engineer"
"1671",1671,"engineer"
"1672",1672,"developer"
"1673",1673,"compliance"
"1674",1674,NA
"1675",1675,NA
"1676",1676,"developer"
"1677",1677,"administration"
"1678",1678,"researcher"
"1679",1679,"assistant"
"1680",1680,"analyst"
"1681",1681,NA
"1682",1682,NA
"1683",1683,"internship"
"1684",1684,NA
"1685",1685,NA
"1686",1686,"engineer"
"1687",1687,"assistant"
"1688",1688,NA
"1689",1689,"engineer"
"1690",1690,"developer"
"1691",1691,"engineer"
"1692",1692,"programmer"
"1693",1693,"developer"
"1694",1694,"consultant"
"1695",1695,"developer"
"1696",1696,NA
"1697",1697,"developer"
"1698",1698,"assistant"
"1699",1699,NA
"1700",1700,NA
"1701",1701,"analyst"
"1702",1702,"graduate"
"1703",1703,"developer"
"1704",1704,"developer"
"1705",1705,"engineer"
"1706",1706,"manager"
"1707",1707,"engineer"
"1708",1708,"programmer"
"1709",1709,NA
"1710",1710,"developer"
"1711",1711,"developer"
"1712",1712,"developer"
"1713",1713,"developer"
"1714",1714,"developer"
"1715",1715,"programmer"
"1716",1716,"researcher"
"1717",1717,"developer"
"1718",1718,"developer"
"1719",1719,"manager"
"1720",1720,NA
"1721",1721,"developer"
"1722",1722,"engineer"
"1723",1723,"developer"
"1724",1724,NA
"1725",1725,"engineer"
"1726",1726,NA
"1727",1727,NA
"1728",1728,NA
"1729",1729,"assistant"
"1730",1730,"developer"
"1731",1731,"engineer"
"1732",1732,"engineer"
"1733",1733,"developer"
"1734",1734,"developer"
"1735",1735,"graduate"
"1736",1736,"graduate"
"1737",1737,"architect"
"1738",1738,"analyst"
"1739",1739,"developer"
"1740",1740,NA
"1741",1741,"developer"
"1742",1742,"developer"
"1743",1743,"developer"
"1744",1744,"developer"
"1745",1745,"developer"
"1746",1746,"assistant"
"1747",1747,"engineer"
"1748",1748,NA
"1749",1749,"engineer"
"1750",1750,"assistant"
"1751",1751,"freelance"
"1752",1752,"engineer"
"1753",1753,"engineer"
"1754",1754,NA
"1755",1755,NA
"1756",1756,"engineer"
"1757",1757,NA
"1758",1758,"engineer"
"1759",1759,"engineer"
"1760",1760,NA
"1761",1761,"management"
"1762",1762,"developer"
"1763",1763,"consultant"
"1764",1764,"developer"
"1765",1765,"management"
"1766",1766,"engineer"
"1767",1767,"architect"
"1768",1768,"assistant"
"1769",1769,NA
"1770",1770,NA
"1771",1771,"assistant"
"1772",1772,"associate"
"1773",1773,"engineer"
"1774",1774,"analyst"
"1775",1775,"engineer"
"1776",1776,NA
"1777",1777,"associate"
"1778",1778,"developer"
"1779",1779,"developer"
"1780",1780,"developer"
"1781",1781,"consultant"
"1782",1782,"developer"
"1783",1783,"engineer"
"1784",1784,"engineer"
"1785",1785,NA
"1786",1786,NA
"1787",1787,"developer"
"1788",1788,"developer"
"1789",1789,"engineer"
"1790",1790,NA
"1791",1791,"developer"
"1792",1792,"developer"
"1793",1793,"developer"
"1794",1794,"developer"
"1795",1795,"scientist"
"1796",1796,"assistant"
"1797",1797,"developer"
"1798",1798,"developer"
"1799",1799,"developer"
"1800",1800,"developer"
"1801",1801,NA
"1802",1802,"assistant"
"1803",1803,"developer"
"1804",1804,"developer"
"1805",1805,"developer"
"1806",1806,NA
"1807",1807,"manager"
"1808",1808,"developer"
"1809",1809,"architect"
"1810",1810,"developer"
"1811",1811,"assistant"
"1812",1812,"developer"
"1813",1813,"engineer"
"1814",1814,"developer"
"1815",1815,"consultant"
"1816",1816,"developer"
"1817",1817,"developer"
"1818",1818,"developer"
"1819",1819,"developer"
"1820",1820,NA
"1821",1821,"engineer"
"1822",1822,"developer"
"1823",1823,NA
"1824",1824,"consultant"
"1825",1825,NA
"1826",1826,NA
"1827",1827,"developer"
"1828",1828,"management"
"1829",1829,"analyst"
"1830",1830,NA
"1831",1831,"engineer"
"1832",1832,"consultant"
"1833",1833,"controller"
"1834",1834,NA
"1835",1835,"developer"
"1836",1836,"developer"
"1837",1837,"developer"
"1838",1838,"developer"
"1839",1839,"management"
"1840",1840,"developer"
"1841",1841,NA
"1842",1842,"developer"
"1843",1843,"developer"
"1844",1844,"engineer"
"1845",1845,"engineer"
"1846",1846,"researcher"
"1847",1847,NA
"1848",1848,"engineer"
"1849",1849,"manager"
"1850",1850,"engineer"
"1851",1851,"developer"
"1852",1852,"developer"
"1853",1853,"developer"
"1854",1854,"management"
"1855",1855,"analyst"
"1856",1856,"engineer"
"1857",1857,"engineer"
"1858",1858,"developer"
"1859",1859,"analyst"
"1860",1860,NA
"1861",1861,"engineer"
"1862",1862,"assistant"
"1863",1863,NA
"1864",1864,"management"
"1865",1865,"consultant"
"1866",1866,"engineer"
"1867",1867,NA
"1868",1868,"assistant"
"1869",1869,NA
"1870",1870,NA
"1871",1871,NA
"1872",1872,"developer"
"1873",1873,NA
"1874",1874,"engineer"
"1875",1875,"assistant"
"1876",1876,"developer"
"1877",1877,"developer"
"1878",1878,"analyst"
"1879",1879,"developer"
"1880",1880,"engineer"
"1881",1881,NA
"1882",1882,"analyst"
"1883",1883,NA
"1884",1884,"developer"
"1885",1885,"developer"
"1886",1886,"engineer"
"1887",1887,NA
"1888",1888,"engineer"
"1889",1889,NA
"1890",1890,"developer"
"1891",1891,"administrator"
"1892",1892,NA
"1893",1893,"assistant"
"1894",1894,"developer"
"1895",1895,"analyst"
"1896",1896,"manager"
"1897",1897,NA
"1898",1898,NA
"1899",1899,"developer"
"1900",1900,"management"
"1901",1901,NA
"1902",1902,"developer"
"1903",1903,"developer"
"1904",1904,"engineer"
"1905",1905,"programmer"
"1906",1906,"developer"
"1907",1907,"developer"
"1908",1908,"developer"
"1909",1909,"engineer"
"1910",1910,NA
"1911",1911,"engineer"
