"","id","company_final"
"1",1,"bcbs"
"2",2,"constellation energy"
"3",3,"bedrockdata"
"4",4,"cypress health"
"5",5,"kaarya llc"
"6",6,"ettain group"
"7",7,NA
"8",8,NA
"9",9,"hp"
"10",10,"lowes"
"11",11,"mvc architecture"
"12",12,"cem"
"13",13,"oracle"
"14",14,"microsoft"
"15",15,"hp"
"16",16,"motorola"
"17",17,"amazon"
"18",18,NA
"19",19,"oracle"
"20",20,"citi"
"21",21,"djangostars"
"22",22,"engineer narra"
"23",23,"cdi corporation"
"24",24,"paychex inc"
"25",25,"mercury"
"26",26,"credorax group"
"27",27,"s3 group "
"28",28,"pagefair limited"
"29",29,"hp"
"30",30,"columbia university"
"31",31,"rockwell automation"
"32",32,NA
"33",33,"amazon"
"34",34,"google"
"35",35,"mercury"
"36",36,"cem"
"37",37,"google"
"38",38,NA
"39",39,"khodro azma"
"40",40,NA
"41",41,"illinois institute"
"42",42,"citigroup"
"43",43,"ibm"
"44",44,NA
"45",45,"mobiquity"
"46",46,"cem"
"47",47,NA
"48",48,"amazon"
"49",49,"rolls-royce"
"50",50,NA
"51",51,NA
"52",52,NA
"53",53,"hp"
"54",54,"raytheon"
"55",55,"clear capital"
"56",56,"univ. of california"
"57",57,"asu"
"58",58,"leap frog"
"59",59,"microsoft"
"60",60,"asu"
"61",61,"microsoft"
"62",62,NA
"63",63,"google"
"64",64,"ibm"
"65",65,"ifs r&d"
"66",66,"wesgrow software"
"67",67,NA
"68",68,"southwest airlines,"
"69",69,"intel"
"70",70,"red hat"
"71",71,NA
"72",72,NA
"73",73,"hp"
"74",74,"university of iowa"
"75",75,"function by"
"76",76,"columbia university"
"77",77,"red hat"
"78",78,"oracle"
"79",79,"leidos"
"80",80,"center for"
"81",81,NA
"82",82,"cisco"
"83",83,"bank of america"
"84",84,"cem"
"85",85,"johnson controls,"
"86",86,NA
"87",87,"google"
"88",88,"hp"
"89",89,"additive rocket"
"90",90,"nuance"
"91",91,NA
"92",92,"microsoft"
"93",93,"oracle"
"94",94,"brigham young"
"95",95,"verizon"
"96",96,NA
"97",97,"firetech"
"98",98,"hp"
"99",99,NA
"100",100,NA
"101",101,"human capital"
"102",102,"shapiro +"
"103",103,"nativo"
"104",104,"microsoft"
"105",105,"funeral services,"
"106",106,"stanford university"
"107",107,"hp"
"108",108,"repiscore, inc"
"109",109,"ejada ltd"
"110",110,"dupont pioneer"
"111",111,"mercury"
"112",112,"ibm"
"113",113,NA
"114",114,"google"
"115",115,"ucsf sabes"
"116",116,"geographic information"
"117",117,"qualcomm"
"118",118,NA
"119",119,"elekta inc."
"120",120,"intel"
"121",121,"illinois institute"
"122",122,"canoga perkins"
"123",123,"intel"
"124",124,"insour sys"
"125",125,"cem"
"126",126,"mvc architecture"
"127",127,NA
"128",128,"microsoft corporation,"
"129",129,"cisco"
"130",130,"bz robot"
"131",131,"florida state"
"132",132,"ericsson"
"133",133,"microsoft"
"134",134,"spirent"
"135",135,"catalina marketing"
"136",136,NA
"137",137,"john deere"
"138",138,"intel"
"139",139,"airbus"
"140",140,"university of utah"
"141",141,"wilmington, de"
"142",142,"outerwall inc"
"143",143,"free code"
"144",144,"expedia"
"145",145,"central michigan"
"146",146,"schneider electric"
"147",147,"university of colorado"
"148",148,"visa"
"149",149,NA
"150",150,"paychex"
"151",151,"expert solution"
"152",152,"spa instruments"
"153",153,"liberty mutual"
"154",154,"hp"
"155",155,NA
"156",156,"interactive communications"
"157",157,"oracle"
"158",158,"northern arizona"
"159",159,"ibm"
"160",160,"cem"
"161",161,NA
"162",162,NA
"163",163,"intel"
"164",164,"velexi corporation"
"165",165,"amazon"
"166",166,"instructor and"
"167",167,NA
"168",168,NA
"169",169,"nuance"
"170",170,"university of florida"
"171",171,NA
"172",172,"indeed"
"173",173,"oracle"
"174",174,"oracle"
"175",175,NA
"176",176,"general motors"
"177",177,"hp"
"178",178,"verizon"
"179",179,"key bank"
"180",180,"microsoft"
"181",181,"lockheed martin"
"182",182,NA
"183",183,"worcester polytechnic"
"184",184,"oracle"
"185",185,"ptc"
"186",186,NA
"187",187,"g&g outatters"
"188",188,"synnex"
"189",189,"google"
"190",190,"hp"
"191",191,"rioseo"
"192",192,NA
"193",193,"anacle systems"
"194",194,NA
"195",195,"red hat"
"196",196,"university of massachusetts"
"197",197,"strategic support"
"198",198,"intel"
"199",199,NA
"200",200,"intel"
"201",201,"ibm"
"202",202,"mformation software"
"203",203,"arizona state"
"204",204,"microsoft"
"205",205,"cisco"
"206",206,"cigna"
"207",207,"connectedio"
"208",208,"oracle"
"209",209,NA
"210",210,"cem"
"211",211,"bank of america"
"212",212,"pivotal labs"
"213",213,"oracle"
"214",214,NA
"215",215,"hp"
"216",216,NA
"217",217,"oracle"
"218",218,"motorola"
"219",219,"google"
"220",220,"baker hughes"
"221",221,"cvs health"
"222",222,"ibm"
"223",223,"consortium-iv"
"224",224,"xerox corporation"
"225",225,"mvc architecture"
"226",226,"ericsson"
"227",227,"microsoft"
"228",228,NA
"229",229,"la colonia"
"230",230,NA
"231",231,"microsoft"
"232",232,NA
"233",233,NA
"234",234,"intel"
"235",235,NA
"236",236,"hp"
"237",237,"bloomberg"
"238",238,"oracle"
"239",239,"pathfinder development"
"240",240,NA
"241",241,"microsoft"
"242",242,"microsoft"
"243",243,"intel"
"244",244,"owen software"
"245",245,NA
"246",246,"google"
"247",247,"citi"
"248",248,"visa"
"249",249,"prodea systems"
"250",250,"verizon"
"251",251,"barclays"
"252",252,NA
"253",253,"hp"
"254",254,NA
"255",255,"cem"
"256",256,"method to"
"257",257,"cem"
"258",258,"asu"
"259",259,NA
"260",260,"ibm"
"261",261,"general electric"
"262",262,"cerner"
"263",263,"intel"
"264",264,"hp"
"265",265,"oracle"
"266",266,"bank of america"
"267",267,"verizon"
"268",268,"method to"
"269",269,"fishers"
"270",270,"oracle"
"271",271,"verisage"
"272",272,"self employed"
"273",273,"esri"
"274",274,"cisco"
"275",275,NA
"276",276,NA
"277",277,"intel"
"278",278,"freelance"
"279",279,"mvc architecture"
"280",280,"google"
"281",281,NA
"282",282,"hp"
"283",283,"intel"
"284",284,NA
"285",285,"citi"
"286",286,NA
"287",287,"contactmydoc description:"
"288",288,"unitedhealth group"
"289",289,"microsoft"
"290",290,"lamar university"
"291",291,"google"
"292",292,"mercury"
"293",293,"mercury"
"294",294,"statestreet"
"295",295,"cem"
"296",296,"mvc architecture"
"297",297,"mindteck pte"
"298",298,"hp"
"299",299,"ibm"
"300",300,"lowe's"
"301",301,"pacific gas"
"302",302,NA
"303",303,"asu"
"304",304,"red hat"
"305",305,"red hat"
"306",306,"department of computer"
"307",307,"ibm"
"308",308,"verizon"
"309",309,"department of computer"
"310",310,"chicago mercantile"
"311",311,"free code"
"312",312,NA
"313",313,"google"
"314",314,"intel"
"315",315,"red hat"
"316",316,"intel"
"317",317,"private -bank"
"318",318,"oracle"
"319",319,"fusemachines"
"320",320,"intel"
"321",321,"intel"
"322",322,"intel"
"323",323,NA
"324",324,"freelance"
"325",325,"asu"
"326",326,"wells fargo"
"327",327,"jpmorganchase"
"328",328,"jpmorganchase"
"329",329,"orane consulting"
"330",330,NA
"331",331,"ibm"
"332",332,"hp"
"333",333,"san antonio"
"334",334,NA
"335",335,"microsoft"
"336",336,"ibm"
"337",337,"webfaction"
"338",338,"university of colorado"
"339",339,NA
"340",340,"hp"
"341",341,NA
"342",342,NA
"343",343,"intel"
"344",344,"economic, financial,"
"345",345,NA
"346",346,"centurylink communications"
"347",347,"intel"
"348",348,NA
"349",349,"jp morgan"
"350",350,"intel"
"351",351,"method to"
"352",352,"freddie mac"
"353",353,"united guaranty"
"354",354,NA
"355",355,"intel"
"356",356,"intel"
"357",357,"intel"
"358",358,"unisys"
"359",359,"porch"
"360",360,"simpleray"
"361",361,"central michigan"
"362",362,"ibm"
"363",363,"hp"
"364",364,"hp"
"365",365,"cisco"
"366",366,"barclays"
"367",367,"sephora inc"
"368",368,"minacs"
"369",369,"ibm"
"370",370,"atrium medical"
"371",371,NA
"372",372,NA
"373",373,NA
"374",374,NA
"375",375,NA
"376",376,NA
"377",377,NA
"378",378,NA
"379",379,NA
"380",380,NA
"381",381,NA
"382",382,NA
"383",383,"microsoft"
"384",384,"payless shoesource"
"385",385,"intel"
"386",386,"infosys ltd"
"387",387,"ucsb earth"
"388",388,NA
"389",389,NA
"390",390,NA
"391",391,"ibm"
"392",392,"oracle"
"393",393,"epam empathy"
"394",394,"self-employed"
"395",395,"ibm"
"396",396,"scholastic inc"
"397",397,"center for"
"398",398,"intel"
"399",399,"devops engineer"
"400",400,"daegis inc"
"401",401,NA
"402",402,"visa"
"403",403,"efocus-webs project"
"404",404,"self-employed"
"405",405,"cisco"
"406",406,"citizen's bank"
"407",407,"hp"
"408",408,"pfizer"
"409",409,"supreme court"
"410",410,NA
"411",411,"state street"
"412",412,NA
"413",413,"cem"
"414",414,"state of wisconsin"
"415",415,"ibm"
"416",416,"rutgers university,"
"417",417,"mvc architecture"
"418",418,NA
"419",419,"verizon"
"420",420,"zappos.com, inc"
"421",421,NA
"422",422,"bofa"
"423",423,"salesfusion inc"
"424",424,"hp"
"425",425,"john deere"
"426",426,"mayo clinic"
"427",427,"key bank"
"428",428,"jlg industries"
"429",429,"microsoft"
"430",430,NA
"431",431,"oracle"
"432",432,"fusion alliance"
"433",433,"ibm"
"434",434,"microsoft"
"435",435,"demere.co"
"436",436,"oracle"
"437",437,NA
"438",438,NA
"439",439,"acenonyx"
"440",440,"asu"
"441",441,"oracle"
"442",442,"adp"
"443",443,NA
"444",444,"microsoft"
"445",445,"university of pittsburgh"
"446",446,"stanford university"
"447",447,"caci provide"
"448",448,"database security"
"449",449,NA
"450",450,"oracle"
"451",451,NA
"452",452,NA
"453",453,"columbia university"
"454",454,"ibm"
"455",455,"regenstrief institute,"
"456",456,"dell"
"457",457,"state of michigan"
"458",458,NA
"459",459,"reservoir labs"
"460",460,NA
"461",461,"us army"
"462",462,"hp"
"463",463,"asu"
"464",464,NA
"465",465,NA
"466",466,"brocade communications"
"467",467,"western digital"
"468",468,"dell"
"469",469,"intel"
"470",470,"symbiont"
"471",471,"microsoft"
"472",472,NA
"473",473,"department of computer"
"474",474,"hp"
"475",475,"cablevision"
"476",476,"wilbur ellis"
"477",477,"hp"
"478",478,"i, contract"
"479",479,"general dynamics"
"480",480,"hp"
"481",481,"intel"
"482",482,"comcast"
"483",483,"department of health"
"484",484,"barclays"
"485",485,NA
"486",486,"ibm"
"487",487,"linux professional"
"488",488,"hp"
"489",489,"netflix"
"490",490,NA
"491",491,"ibm"
"492",492,"google"
"493",493,NA
"494",494,"careday"
"495",495,"university of houston,"
"496",496,NA
"497",497,"emc"
"498",498,"nwa media"
"499",499,"ibm"
"500",500,NA
"501",501,"einstein"
"502",502,"ibm"
"503",503,"qa lead"
"504",504,NA
"505",505,NA
"506",506,"freelancing shoply"
"507",507,NA
"508",508,"federal reserve"
"509",509,"nordstrom"
"510",510,NA
"511",511,"lincoln financial"
"512",512,"firestone diversified"
"513",513,"microsoft"
"514",514,"freddie mac"
"515",515,"ibm"
"516",516,"hp"
"517",517,"worldquant, llc."
"518",518,"at&t"
"519",519,"hospira inc"
"520",520,"intel"
"521",521,"university of iowa"
"522",522,NA
"523",523,NA
"524",524,"healthways"
"525",525,NA
"526",526,"center for"
"527",527,"intel"
"528",528,NA
"529",529,"mvc architecture"
"530",530,"hp"
"531",531,NA
"532",532,"google"
"533",533,NA
"534",534,NA
"535",535,NA
"536",536,NA
"537",537,NA
"538",538,"hp"
"539",539,"visa"
"540",540,"mvc architecture"
"541",541,"macy's systems"
"542",542,"nike"
"543",543,"fresenius medical"
"544",544,"fresenius medical"
"545",545,NA
"546",546,"galvanize"
"547",547,NA
"548",548,NA
"549",549,"bedrockdata"
"550",550,"cox media"
"551",551,"google"
"552",552,NA
"553",553,"intel"
"554",554,"wells fargo"
"555",555,"cem"
"556",556,"hm health"
"557",557,"verizon"
"558",558,"opus inspection"
"559",559,"hsbc"
"560",560,"wells fargo"
"561",561,"mercury"
"562",562,"oracle"
"563",563,"intersect group"
"564",564,"cem"
"565",565,"oracle"
"566",566,"life lock"
"567",567,NA
"568",568,NA
"569",569,"home depot"
"570",570,NA
"571",571,"visa"
"572",572,"avaya"
"573",573,"ibm"
"574",574,"cim"
"575",575,"confidential"
"576",576,"ibm"
"577",577,"ibm"
"578",578,"ibm"
"579",579,NA
"580",580,"nationwide insurance"
"581",581,"ventyx"
"582",582,"ibm"
"583",583,"google"
"584",584,"hp"
"585",585,NA
"586",586,"cerner"
"587",587,NA
"588",588,NA
"589",589,NA
"590",590,NA
"591",591,"microsoft"
"592",592,NA
"593",593,NA
"594",594,"esri"
"595",595,NA
"596",596,"cem"
"597",597,"hp"
"598",598,"ibm"
"599",599,NA
"600",600,"lithium"
"601",601,NA
"602",602,NA
"603",603,"department of health"
"604",604,NA
"605",605,"otak, inc"
"606",606,"delta air"
"607",607,NA
"608",608,NA
"609",609,"microsoft"
"610",610,NA
"611",611,NA
"612",612,"pfizer"
"613",613,"characterization of lya"
"614",614,"amazon"
"615",615,"aws cloudfront,"
"616",616,"hp"
"617",617,"aig"
"618",618,"hp"
"619",619,"verizon"
"620",620,NA
"621",621,"educational software"
"622",622,NA
"623",623,"aig"
"624",624,NA
"625",625,"catalina marketing"
"626",626,"hp"
"627",627,"wells fargo,"
"628",628,"worker marshall"
"629",629,"deutsche bank"
"630",630,"mvc architecture"
"631",631,"state street"
"632",632,"miami rebel"
"633",633,"intel"
"634",634,"oracle"
"635",635,"ibm"
"636",636,"ibm"
"637",637,"infosys limited"
"638",638,"spirent"
"639",639,"cisco"
"640",640,"verizon"
"641",641,"mvc architecture"
"642",642,"samsung research"
"643",643,"google"
"644",644,"university of massachusetts"
"645",645,NA
"646",646,"intel"
"647",647,"verizon"
"648",648,"hp"
"649",649,"intel"
"650",650,"you-gene"
"651",651,NA
"652",652,NA
"653",653,"sap bi"
"654",654,NA
"655",655,"ibm"
"656",656,"cem"
"657",657,"intel"
"658",658,"mvc architecture"
"659",659,NA
"660",660,"wolters kluwer"
"661",661,"oracle"
"662",662,"citi"
"663",663,"soochow securities"
"664",664,NA
"665",665,"intel"
"666",666,"mvc architecture"
"667",667,"intersections, chantilly,"
"668",668,"hp"
"669",669,"oracle"
"670",670,"hyatt corporation"
"671",671,"center for"
"672",672,NA
"673",673,"sky touch"
"674",674,NA
"675",675,"verizon"
"676",676,"self employed"
"677",677,NA
"678",678,"hp"
"679",679,"u.s securities"
"680",680,NA
"681",681,"intercontinental hotels"
"682",682,NA
"683",683,"oracle"
"684",684,"wells fargo"
"685",685,"sprint nextel"
"686",686,"blue shield"
"687",687,"citi"
"688",688,"ibm"
"689",689,NA
"690",690,"jpmorgan chase"
"691",691,"human capital"
"692",692,NA
"693",693,"cem"
"694",694,"oracle"
"695",695,NA
"696",696,"sun edison"
"697",697,"hp"
"698",698,NA
"699",699,NA
"700",700,"wells fargo"
"701",701,"hp"
"702",702,"intel"
"703",703,NA
"704",704,NA
"705",705,"ibm"
"706",706,"bcbal responsible"
"707",707,"hp"
"708",708,NA
"709",709,"silvics solutions"
"710",710,"wyncode academy"
"711",711,"versify solutions"
"712",712,"wilmington, de"
"713",713,"university of washington"
"714",714,"cem"
"715",715,"oracle"
"716",716,"microsoft"
"717",717,"confidential"
"718",718,NA
"719",719,"google"
"720",720,"innutra inc"
"721",721,"sharp laboratories"
"722",722,"mvc architecture"
"723",723,"cem"
"724",724,"oracle"
"725",725,"cbs interactive"
"726",726,NA
"727",727,"qa101 consulting"
"728",728,"sr freddie"
"729",729,"lockheed martin"
"730",730,"icmarc"
"731",731,NA
"732",732,"cem"
"733",733,"amazon"
"734",734,"microsoft"
"735",735,"ibm"
"736",736,NA
"737",737,NA
"738",738,NA
"739",739,"microsoft"
"740",740,NA
"741",741,NA
"742",742,NA
"743",743,"ibm"
"744",744,NA
"745",745,"service control"
"746",746,"oracle"
"747",747,"nokia siemens"
"748",748,"oracle"
"749",749,"united services"
"750",750,"bcbs"
"751",751,NA
"752",752,"microsoft"
"753",753,NA
"754",754,"harley davidson-wi"
"755",755,"emc"
"756",756,"intel"
"757",757,"university of michigan"
"758",758,"asu"
"759",759,"bank of america"
"760",760,"blue shield"
"761",761,NA
"762",762,"verizon"
"763",763,"hm health"
"764",764,"cisco"
"765",765,NA
"766",766,"rockwell automation"
"767",767,"pyrotech engineers"
"768",768,"sing -post"
"769",769,"phelps dodge"
"770",770,NA
"771",771,NA
"772",772,NA
"773",773,NA
"774",774,"walmart"
"775",775,"guardian"
"776",776,"broadcom"
"777",777,NA
"778",778,NA
"779",779,"microsoft"
"780",780,NA
"781",781,NA
"782",782,NA
"783",783,NA
"784",784,"university of houston"
"785",785,"hp"
"786",786,"fca"
"787",787,NA
"788",788,"university of houston,"
"789",789,"oracle"
"790",790,"ibm"
"791",791,"duke energy"
"792",792,"coding dojo"
"793",793,NA
"794",794,NA
"795",795,NA
"796",796,"intel"
"797",797,"razorfish health"
"798",798,NA
"799",799,"informatique conception"
"800",800,"asu"
"801",801,"hp"
"802",802,NA
"803",803,NA
"804",804,"nokia"
"805",805,NA
"806",806,"high performance"
"807",807,"assistant carnegie"
"808",808,"cisco"
"809",809,"partners healthcare"
"810",810,"michigan state"
"811",811,"unc charlotte"
"812",812,"google"
"813",813,NA
"814",814,"keyingredient"
"815",815,NA
"816",816,"microsoft"
"817",817,"intwine connection,"
"818",818,NA
"819",819,"center research"
"820",820,NA
"821",821,NA
"822",822,"intel"
"823",823,"google"
"824",824,NA
"825",825,"dell"
"826",826,NA
"827",827,NA
"828",828,NA
"829",829,"hp"
"830",830,"rackspace us"
"831",831,"wells fargo"
"832",832,NA
"833",833,NA
"834",834,NA
"835",835,NA
"836",836,NA
"837",837,NA
"838",838,"kaiser permanente"
"839",839,"microsoft"
"840",840,"csc"
"841",841,"oracle"
"842",842,"ibm"
"843",843,"microsoft"
"844",844,"hp"
"845",845,"hyundai america"
"846",846,"hp"
"847",847,"microsoft"
"848",848,"microsoft"
"849",849,NA
"850",850,"coding dojo"
"851",851,NA
"852",852,NA
"853",853,NA
"854",854,"guide one"
"855",855,"asu"
"856",856,"dsw inc"
"857",857,NA
"858",858,"cem"
"859",859,"hp"
"860",860,NA
"861",861,"visa"
"862",862,NA
"863",863,"aon hewitt"
"864",864,"arkansas dept."
"865",865,"csc"
"866",866,"google"
"867",867,NA
"868",868,"disney"
"869",869,"hp"
"870",870,"motion welder"
"871",871,"national foreign"
"872",872,"ibm"
"873",873,"intel"
"874",874,"hp"
"875",875,"mvc architecture"
"876",876,"northern natural"
"877",877,NA
"878",878,"mvc architecture"
"879",879,"cigna"
"880",880,"cem"
"881",881,"devops engineer"
"882",882,"events management"
"883",883,"google"
"884",884,"mvc architecture"
"885",885,"health port"
"886",886,"hartford insurance"
"887",887,"interactive communications"
"888",888,"ibm"
"889",889,"ibm"
"890",890,"department of health"
"891",891,NA
"892",892,"csc"
"893",893,"hartford insurance"
"894",894,"hp"
"895",895,"marys enterprise"
"896",896,"cem"
"897",897,"modern engineering"
"898",898,"baker hughes"
"899",899,"wells fargo"
"900",900,"intel"
"901",901,"edward jones"
"902",902,"edward jones"
"903",903,"edward jones"
"904",904,NA
"905",905,"ibm"
"906",906,"state of north"
"907",907,"jpmorgan chase"
"908",908,"jp morgan"
"909",909,"amazon"
"910",910,"ibm"
"911",911,"hp"
"912",912,"ibm"
"913",913,"jp morgan"
"914",914,"bloomberg"
"915",915,"hp"
"916",916,"microsoft"
"917",917,"state of michigan"
"918",918,"ibm"
"919",919,"hp"
"920",920,NA
"921",921,"morgan stanley"
"922",922,"hp moonshot"
"923",923,NA
"924",924,"dell"
"925",925,"mvc architecture"
"926",926,"mvc architecture"
"927",927,"center for"
"928",928,"oracle"
"929",929,"microsoft"
"930",930,"intel"
"931",931,"institute of insight,"
"932",932,"hp"
"933",933,"directv"
"934",934,"agero, inc."
"935",935,NA
"936",936,"amazon"
"937",937,"cigna"
"938",938,"sirius xm"
"939",939,"walt disney"
"940",940,NA
"941",941,"red hat"
"942",942,"self employed"
"943",943,NA
"944",944,NA
"945",945,NA
"946",946,"sap labs"
"947",947,NA
"948",948,"university of florida"
"949",949,"national institute"
"950",950,NA
"951",951,NA
"952",952,NA
"953",953,"hewlett packard"
"954",954,NA
"955",955,"microsoft"
"956",956,"freelance"
"957",957,"stanfield systems"
"958",958,"google"
"959",959,NA
"960",960,"mvc architecture"
"961",961,"intel"
"962",962,NA
"963",963,NA
"964",964,"hp"
"965",965,NA
"966",966,"honeywell"
"967",967,"hp"
"968",968,"emc"
"969",969,"honeywell"
"970",970,"verizon"
"971",971,"ii global"
"972",972,NA
"973",973,"reingold, inc."
"974",974,"qilu security"
"975",975,"chevron"
"976",976,"google"
"977",977,"central michigan"
"978",978,NA
"979",979,"hp"
"980",980,NA
"981",981,"microsoft"
"982",982,NA
"983",983,"oracle"
"984",984,"university of north"
"985",985,NA
"986",986,NA
"987",987,"dropbox"
"988",988,NA
"989",989,"insight enterprises"
"990",990,"revolveclothing"
"991",991,"ecompany store"
"992",992,"wells fargo"
"993",993,"aig"
"994",994,"microsoft"
"995",995,"edmc"
"996",996,"stevens institute"
"997",997,"microsoft"
"998",998,NA
"999",999,"federal reserve"
"1000",1000,"amazon"
"1001",1001,"pieriandx"
"1002",1002,"microsoft"
"1003",1003,NA
"1004",1004,"royal bank"
"1005",1005,"oracle"
"1006",1006,"stanford university"
"1007",1007,NA
"1008",1008,NA
"1009",1009,NA
"1010",1010,NA
"1011",1011,NA
"1012",1012,"dell"
"1013",1013,"university of central"
"1014",1014,"gulfstream aerospace"
"1015",1015,NA
"1016",1016,NA
"1017",1017,NA
"1018",1018,"hp"
"1019",1019,NA
"1020",1020,NA
"1021",1021,"mvc architecture"
"1022",1022,"cisco"
"1023",1023,"professor department"
"1024",1024,NA
"1025",1025,"mediamorph"
"1026",1026,NA
"1027",1027,"cem"
"1028",1028,NA
"1029",1029,"maxlinear, inc"
"1030",1030,NA
"1031",1031,NA
"1032",1032,"northeastern university"
"1033",1033,NA
"1034",1034,"university of michigan"
"1035",1035,NA
"1036",1036,"intel"
"1037",1037,"microsoft"
"1038",1038,"zenefits"
"1039",1039,NA
"1040",1040,"google"
"1041",1041,"chief"
"1042",1042,NA
"1043",1043,NA
"1044",1044,"mvc architecture"
"1045",1045,"amazon"
"1046",1046,"cisco"
"1047",1047,"brigham young"
"1048",1048,"safeguard properties,"
"1049",1049,"intel"
"1050",1050,NA
"1051",1051,"prime international"
"1052",1052,"hp"
"1053",1053,"lmg capital"
"1054",1054,"department of computer"
"1055",1055,"asu"
"1056",1056,"dental web"
"1057",1057,"jpmorgan chase"
"1058",1058,"cisco"
"1059",1059,"mvc architecture"
"1060",1060,"mvc architecture"
"1061",1061,"citi"
"1062",1062,"google"
"1063",1063,"oracle"
"1064",1064,NA
"1065",1065,"ibm"
"1066",1066,"l.l.bean"
"1067",1067,"hp"
"1068",1068,"microsoft"
"1069",1069,"upmc company"
"1070",1070,"innova solutions,"
"1071",1071,"hp"
"1072",1072,"mvc architecture"
"1073",1073,"stanford university"
"1074",1074,"chief"
"1075",1075,NA
"1076",1076,"chief"
"1077",1077,"ptc"
"1078",1078,"amazon"
"1079",1079,"united health"
"1080",1080,"intel"
"1081",1081,"visteon corporation"
"1082",1082,"cem"
"1083",1083,"cisco"
"1084",1084,"general electric"
"1085",1085,"intel"
"1086",1086,"rutgers university,"
"1087",1087,"asu"
"1088",1088,"hp"
"1089",1089,"onondaga county"
"1090",1090,"intermountain health"
"1091",1091,"hp"
"1092",1092,NA
"1093",1093,NA
"1094",1094,"south eugene"
"1095",1095,"mvc architecture"
"1096",1096,"cisco"
"1097",1097,"nokia"
"1098",1098,NA
"1099",1099,NA
"1100",1100,"intel"
"1101",1101,"asu"
"1102",1102,"microsoft"
"1103",1103,NA
"1104",1104,"cem"
"1105",1105,"microsoft"
"1106",1106,"google"
"1107",1107,"aig"
"1108",1108,NA
"1109",1109,"pivotal labs"
"1110",1110,"amazon"
"1111",1111,NA
"1112",1112,"mvc architecture"
"1113",1113,NA
"1114",1114,NA
"1115",1115,"ibm"
"1116",1116,"map communications"
"1117",1117,NA
"1118",1118,"asu"
"1119",1119,"infosys"
"1120",1120,NA
"1121",1121,NA
"1122",1122,"qualcomm"
"1123",1123,"dell"
"1124",1124,"deloitte"
"1125",1125,"gorkana group"
"1126",1126,"method to"
"1127",1127,"market day"
"1128",1128,"nuance"
"1129",1129,"pakedge device"
"1130",1130,"hp"
"1131",1131,"cisco"
"1132",1132,"sciquest"
"1133",1133,NA
"1134",1134,NA
"1135",1135,"mckesson duties:"
"1136",1136,"wipro accuen"
"1137",1137,"hp"
"1138",1138,NA
"1139",1139,"hp"
"1140",1140,"google"
"1141",1141,NA
"1142",1142,NA
"1143",1143,"g2 software"
"1144",1144,"career experienes"
"1145",1145,"mvc architecture"
"1146",1146,NA
"1147",1147,"aig"
"1148",1148,"google"
"1149",1149,NA
"1150",1150,NA
"1151",1151,NA
"1152",1152,NA
"1153",1153,NA
"1154",1154,"intel"
"1155",1155,"oxagile"
"1156",1156,NA
"1157",1157,"einstein"
"1158",1158,NA
"1159",1159,NA
"1160",1160,"best buy"
"1161",1161,NA
"1162",1162,"mvc architecture"
"1163",1163,"global bank"
"1164",1164,NA
"1165",1165,NA
"1166",1166,"us army"
"1167",1167,"j.crew group,"
"1168",1168,"verizon"
"1169",1169,"hp"
"1170",1170,NA
"1171",1171,NA
"1172",1172,NA
"1173",1173,NA
"1174",1174,"hp"
"1175",1175,NA
"1176",1176,"wells fargo"
"1177",1177,NA
"1178",1178,"hp"
"1179",1179,"hp"
"1180",1180,"independent contractor"
"1181",1181,"hp"
"1182",1182,"hp"
"1183",1183,"microsoft"
"1184",1184,"intel"
"1185",1185,NA
"1186",1186,"method to"
"1187",1187,"microsoft"
"1188",1188,"stanford university"
"1189",1189,"intel"
"1190",1190,"intel"
"1191",1191,"creative aero"
"1192",1192,"cugi eboard"
"1193",1193,"google"
"1194",1194,"general dynamics"
"1195",1195,NA
"1196",1196,NA
"1197",1197,"costume designer"
"1198",1198,NA
"1199",1199,"ashima devices"
"1200",1200,NA
"1201",1201,"u.s. naval"
"1202",1202,"ibm"
"1203",1203,NA
"1204",1204,"hp"
"1205",1205,"microsoft"
"1206",1206,"infinite computer"
"1207",1207,NA
"1208",1208,"oracle"
"1209",1209,NA
"1210",1210,NA
"1211",1211,"dynamic dreamz"
"1212",1212,"san antonio"
"1213",1213,NA
"1214",1214,"microsoft"
"1215",1215,"rbc financial"
"1216",1216,"mvc architecture"
"1217",1217,NA
"1218",1218,NA
"1219",1219,"ibm"
"1220",1220,"hisna"
"1221",1221,NA
"1222",1222,"stanley black"
"1223",1223,NA
"1224",1224,"asu"
"1225",1225,NA
"1226",1226,NA
"1227",1227,"uprev"
"1228",1228,"intel"
"1229",1229,"esri"
"1230",1230,"ibm"
"1231",1231,NA
"1232",1232,"microsoft"
"1233",1233,"google"
"1234",1234,"www.x-cd.com completely"
"1235",1235,NA
"1236",1236,"ponomusic"
"1237",1237,"university of maryland"
"1238",1238,"university of cambridge,"
"1239",1239,"hp"
"1240",1240,"oracle"
"1241",1241,NA
"1242",1242,"microsoft"
"1243",1243,"ii, qos"
"1244",1244,NA
"1245",1245,NA
"1246",1246,NA
"1247",1247,"selective insurance"
"1248",1248,"intel"
"1249",1249,"samsung electronics"
"1250",1250,"hp"
"1251",1251,"oracle"
"1252",1252,"comso inc,"
"1253",1253,"contata solutions"
"1254",1254,NA
"1255",1255,"marketsharp software"
"1256",1256,NA
"1257",1257,NA
"1258",1258,NA
"1259",1259,"wolters kluwer"
"1260",1260,"republic services"
"1261",1261,"exablox"
"1262",1262,"pacific gas"
"1263",1263,NA
"1264",1264,NA
"1265",1265,"verdante bioenergy"
"1266",1266,NA
"1267",1267,NA
"1268",1268,NA
"1269",1269,NA
"1270",1270,"ii sandisk"
"1271",1271,"jp morgan"
"1272",1272,"intel"
"1273",1273,NA
"1274",1274,"microsoft"
"1275",1275,NA
"1276",1276,"globalfoundries manage"
"1277",1277,"john deere"
"1278",1278,"university of michigan"
"1279",1279,"hp"
"1280",1280,"forman mills,"
"1281",1281,"healthways"
"1282",1282,"cisco"
"1283",1283,"microsoft"
"1284",1284,"microsoft"
"1285",1285,"j5 systems"
"1286",1286,"pathfinder energy"
"1287",1287,"supercare"
"1288",1288,"mvc architecture"
"1289",1289,"next phase"
"1290",1290,"self employed"
"1291",1291,"ibm"
"1292",1292,NA
"1293",1293,"hp"
"1294",1294,"esri"
"1295",1295,"amazon"
"1296",1296,NA
"1297",1297,"san antonio"
"1298",1298,"co-op rockwell"
"1299",1299,"rochester institute"
"1300",1300,"unisys"
"1301",1301,"ii volcano"
"1302",1302,"self-employed"
"1303",1303,"microsoft"
"1304",1304,"deka reasearch"
"1305",1305,"jpmorgan chase"
"1306",1306,NA
"1307",1307,"mvc architecture"
"1308",1308,"quicken loans"
"1309",1309,"supervalu inc"
"1310",1310,NA
"1311",1311,"providence software"
"1312",1312,"oracle"
"1313",1313,"ecoing15"
"1314",1314,"nexidia"
"1315",1315,"seagate llc"
"1316",1316,NA
"1317",1317,"hp"
"1318",1318,NA
"1319",1319,"google"
"1320",1320,"oracle"
"1321",1321,"devops engineer"
"1322",1322,"latentview analytics"
"1323",1323,"hp"
"1324",1324,NA
"1325",1325,NA
"1326",1326,NA
"1327",1327,NA
"1328",1328,"waston innovations"
"1329",1329,"csc"
"1330",1330,NA
"1331",1331,"intel"
"1332",1332,"merrill lynch,"
"1333",1333,"microsoft"
"1334",1334,"hp"
"1335",1335,NA
"1336",1336,NA
"1337",1337,"cisco"
"1338",1338,"university of florida"
"1339",1339,NA
"1340",1340,NA
"1341",1341,"lendingtree"
"1342",1342,"microsoft"
"1343",1343,"microsoft"
"1344",1344,NA
"1345",1345,"nextern, inc"
"1346",1346,NA
"1347",1347,NA
"1348",1348,"general motors"
"1349",1349,"freelance"
"1350",1350,"microsoft"
"1351",1351,"oracle"
"1352",1352,"oracle"
"1353",1353,"northrop grumman"
"1354",1354,NA
"1355",1355,"hp"
"1356",1356,"apex data"
"1357",1357,NA
"1358",1358,NA
"1359",1359,"cisco"
"1360",1360,NA
"1361",1361,"epic games"
"1362",1362,"amazon"
"1363",1363,NA
"1364",1364,"microsoft"
"1365",1365,NA
"1366",1366,NA
"1367",1367,"cem"
"1368",1368,"netflix"
"1369",1369,"using roundup."
"1370",1370,"amazon"
"1371",1371,"axillon group"
"1372",1372,NA
"1373",1373,"einstein"
"1374",1374,NA
"1375",1375,NA
"1376",1376,"context relevant"
"1377",1377,NA
"1378",1378,NA
"1379",1379,"bloomberg"
"1380",1380,"cem"
"1381",1381,NA
"1382",1382,"sra international,"
"1383",1383,NA
"1384",1384,"office of attorney"
"1385",1385,"value options"
"1386",1386,"cem"
"1387",1387,"cisco"
"1388",1388,"google"
"1389",1389,"hp"
"1390",1390,"intel"
"1391",1391,"coverity"
"1392",1392,"backbonejs, nodejs"
"1393",1393,NA
"1394",1394,"red hat"
"1395",1395,"cisco"
"1396",1396,"cem"
"1397",1397,NA
"1398",1398,"instructor and"
"1399",1399,NA
"1400",1400,NA
"1401",1401,"zappos, nv"
"1402",1402,"syntel"
"1403",1403,"verizon"
"1404",1404,"allegion"
"1405",1405,"bank of america"
"1406",1406,"ii global"
"1407",1407,"hp"
"1408",1408,NA
"1409",1409,"www.maslennikov.us"
"1410",1410,"geico built"
"1411",1411,NA
"1412",1412,"oracle"
"1413",1413,"cisco"
"1414",1414,NA
"1415",1415,"oracle"
"1416",1416,"ibm"
"1417",1417,"automation engineer"
"1418",1418,"devops engineer"
"1419",1419,"san antonio"
"1420",1420,NA
"1421",1421,NA
"1422",1422,"self-employed"
"1423",1423,"dolby laboratories"
"1424",1424,NA
"1425",1425,"san antonio"
"1426",1426,"bike shop"
"1427",1427,"st. edward's"
"1428",1428,NA
"1429",1429,"university of rhode"
"1430",1430,"website pipeline"
"1431",1431,"intel"
"1432",1432,"infosense services"
"1433",1433,NA
"1434",1434,NA
"1435",1435,NA
"1436",1436,NA
"1437",1437,"cisco"
"1438",1438,"emagin"
"1439",1439,NA
"1440",1440,"mcm services"
"1441",1441,NA
"1442",1442,"hp"
"1443",1443,"sirius computer"
"1444",1444,NA
"1445",1445,"university of montreal"
"1446",1446,NA
"1447",1447,NA
"1448",1448,NA
"1449",1449,NA
"1450",1450,"hp"
"1451",1451,NA
"1452",1452,"microsoft"
"1453",1453,"assero services"
"1454",1454,"pure storage"
"1455",1455,NA
"1456",1456,"kfg"
"1457",1457,"wells fargo"
"1458",1458,"procter & gamble"
"1459",1459,"conagra foods"
"1460",1460,"upward automation"
"1461",1461,"frederic printing"
"1462",1462,"gallant lab"
"1463",1463,"microsoft"
"1464",1464,"surgical tools"
"1465",1465,"hp"
"1466",1466,"oracle"
"1467",1467,NA
"1468",1468,"bloomberg"
"1469",1469,NA
"1470",1470,"google"
"1471",1471,NA
"1472",1472,"method to"
"1473",1473,"oracle"
"1474",1474,"freelance"
"1475",1475,NA
"1476",1476,"mvc architecture"
"1477",1477,"pnc bank"
"1478",1478,"state street"
"1479",1479,NA
"1480",1480,"hp"
"1481",1481,"confidential"
"1482",1482,"ibm"
"1483",1483,"high performance"
"1484",1484,"institute for"
"1485",1485,"microsoft"
"1486",1486,"wayne state"
"1487",1487,"otter products"
"1488",1488,"comcast"
"1489",1489,NA
"1490",1490,NA
"1491",1491,"microsoft"
"1492",1492,NA
"1493",1493,NA
"1494",1494,"high performance"
"1495",1495,"microsoft"
"1496",1496,"federal institute"
"1497",1497,"oracle"
"1498",1498,NA
"1499",1499,"microsoft"
"1500",1500,"replicon software"
"1501",1501,"bts"
"1502",1502,"byu international"
"1503",1503,"cisco"
"1504",1504,"university of central"
"1505",1505,"wicked analytics"
"1506",1506,"microsoft"
"1507",1507,"broadcom"
"1508",1508,"honeywell"
"1509",1509,NA
"1510",1510,"microsoft"
"1511",1511,"deloitte"
"1512",1512,"microsoft"
"1513",1513,NA
"1514",1514,"infinity insurance"
"1515",1515,"verizon"
"1516",1516,NA
"1517",1517,NA
"1518",1518,"learning experience"
"1519",1519,"sonata services"
"1520",1520,"microsoft"
"1521",1521,NA
"1522",1522,"oracle"
"1523",1523,"mvc architecture"
"1524",1524,"ibm"
"1525",1525,"cisco"
"1526",1526,"bucknell university"
"1527",1527,"hp"
"1528",1528,"weehawken, nj"
"1529",1529,NA
"1530",1530,"exb solutions"
"1531",1531,"doctor lan"
"1532",1532,"independent contractor"
"1533",1533,"hp"
"1534",1534,"microsoft"
"1535",1535,"luzene"
"1536",1536,"minerva engineering"
"1537",1537,"microsoft"
"1538",1538,"intel"
"1539",1539,NA
"1540",1540,"ibm"
"1541",1541,"hp"
"1542",1542,"morgan stanley"
"1543",1543,"boa marine"
"1544",1544,"mvc architecture"
"1545",1545,"crowdnetic corporation"
"1546",1546,NA
"1547",1547,NA
"1548",1548,NA
"1549",1549,"sysomos inc"
"1550",1550,"oracle"
"1551",1551,"e-ring software"
"1552",1552,"intel"
"1553",1553,"oracle"
"1554",1554,NA
"1555",1555,"wayne state"
"1556",1556,"hp"
"1557",1557,"hp"
"1558",1558,NA
"1559",1559,NA
"1560",1560,"ii ericsson"
"1561",1561,"bloomberg"
"1562",1562,"hp"
"1563",1563,"wilmington, de"
"1564",1564,"microsoft"
"1565",1565,"intersog software"
"1566",1566,"intel"
"1567",1567,"human capital"
"1568",1568,NA
"1569",1569,"red hat"
"1570",1570,"cem"
"1571",1571,"oracle"
"1572",1572,"cavium llc"
"1573",1573,NA
"1574",1574,NA
"1575",1575,"medios e"
"1576",1576,"microsoft"
"1577",1577,"self-employed"
"1578",1578,"intel"
"1579",1579,"ibm"
"1580",1580,"sciquest"
"1581",1581,"searchforce inc."
"1582",1582,"state street"
"1583",1583,NA
"1584",1584,"nexxtep"
"1585",1585,"hp"
"1586",1586,"red hat"
"1587",1587,NA
"1588",1588,"intel"
"1589",1589,"assistant depaul"
"1590",1590,"intel"
"1591",1591,"vanderbilt university"
"1592",1592,NA
"1593",1593,"blue shield"
"1594",1594,"cigna"
"1595",1595,"oracle"
"1596",1596,NA
"1597",1597,"ibm"
"1598",1598,"hp"
"1599",1599,"hp"
"1600",1600,NA
"1601",1601,NA
"1602",1602,NA
"1603",1603,NA
"1604",1604,NA
"1605",1605,"current job"
"1606",1606,"ibm"
"1607",1607,NA
"1608",1608,"self employed"
"1609",1609,"portnov computer"
"1610",1610,NA
"1611",1611,NA
"1612",1612,"hp"
"1613",1613,"samsung research"
"1614",1614,"emc"
"1615",1615,"otsuka us"
"1616",1616,NA
"1617",1617,"ibm"
"1618",1618,NA
"1619",1619,NA
"1620",1620,"hp"
"1621",1621,"university of north"
"1622",1622,NA
"1623",1623,NA
"1624",1624,"aig"
"1625",1625,"qualcomm connected"
"1626",1626,"visa inc"
"1627",1627,"freelance"
"1628",1628,"intel"
"1629",1629,NA
"1630",1630,NA
"1631",1631,NA
"1632",1632,"hartford financial"
"1633",1633,"mvc architecture"
"1634",1634,"walmart"
"1635",1635,"mayo clinic"
"1636",1636,"dell"
"1637",1637,"hp"
"1638",1638,"ibm"
"1639",1639,"self employed"
"1640",1640,"suntrust bank"
"1641",1641,"va richmond"
"1642",1642,"intel"
"1643",1643,"cobalt automotive"
"1644",1644,NA
"1645",1645,"epicor software"
"1646",1646,NA
"1647",1647,"sp richards"
"1648",1648,NA
"1649",1649,"emc"
"1650",1650,"general motors"
"1651",1651,"ibm"
"1652",1652,"infosys"
"1653",1653,"google"
"1654",1654,"google"
"1655",1655,"psiber hris"
"1656",1656,"northeastern university"
"1657",1657,"bloomberg"
"1658",1658,"ingenu"
"1659",1659,NA
"1660",1660,"aig"
"1661",1661,NA
"1662",1662,NA
"1663",1663,"lithiumstart, inc"
"1664",1664,"esri"
"1665",1665,"microsoft"
"1666",1666,"devops engineer"
"1667",1667,"western digital"
"1668",1668,"newscred"
"1669",1669,"duke mathematics"
"1670",1670,NA
"1671",1671,"sparefoot"
"1672",1672,"hp"
"1673",1673,"verizon"
"1674",1674,"bloomberg"
"1675",1675,"qualcomm"
"1676",1676,"rr donnelley"
"1677",1677,NA
"1678",1678,NA
"1679",1679,"mvc architecture"
"1680",1680,"cem"
"1681",1681,"verizon"
"1682",1682,"hp"
"1683",1683,"nanodegree program"
"1684",1684,"v5 systems"
"1685",1685,"liberty mutual,"
"1686",1686,"bank of america"
"1687",1687,NA
"1688",1688,"consulting java"
"1689",1689,"mckesson"
"1690",1690,"google"
"1691",1691,"hp"
"1692",1692,NA
"1693",1693,"cem"
"1694",1694,"qualcomm"
"1695",1695,NA
"1696",1696,"hp"
"1697",1697,"wells fargo"
"1698",1698,"hp"
"1699",1699,"comnet marketing"
"1700",1700,NA
"1701",1701,"lenderlive responsible"
"1702",1702,"cornell university"
"1703",1703,"western digital"
"1704",1704,"red hat"
"1705",1705,NA
"1706",1706,"us securities"
"1707",1707,NA
"1708",1708,"quantum spatial"
"1709",1709,"lexmark"
"1710",1710,"intel"
"1711",1711,"google"
"1712",1712,NA
"1713",1713,"oracle"
"1714",1714,"los alamos"
"1715",1715,"mexicoder, inc"
"1716",1716,NA
"1717",1717,"spoton.com"
"1718",1718,"hp"
"1719",1719,"geoprocessing team"
"1720",1720,"self-employed"
"1721",1721,"nokia"
"1722",1722,"entre computer"
"1723",1723,NA
"1724",1724,NA
"1725",1725,NA
"1726",1726,NA
"1727",1727,"speed commerce"
"1728",1728,NA
"1729",1729,NA
"1730",1730,"cem"
"1731",1731,"verizon"
"1732",1732,NA
"1733",1733,NA
"1734",1734,NA
"1735",1735,"cisco"
"1736",1736,NA
"1737",1737,"six stars"
"1738",1738,"bank of america"
"1739",1739,NA
"1740",1740,"income dynamics"
"1741",1741,"ibm"
"1742",1742,NA
"1743",1743,NA
"1744",1744,"automation engineer"
"1745",1745,"qa lead"
"1746",1746,NA
"1747",1747,NA
"1748",1748,"university of iowa"
"1749",1749,NA
"1750",1750,"hp"
"1751",1751,"walt disney"
"1752",1752,"infogix, inc"
"1753",1753,"oracle"
"1754",1754,NA
"1755",1755,"google"
"1756",1756,"ibm"
"1757",1757,NA
"1758",1758,"imagine it"
"1759",1759,"ii rart"
"1760",1760,NA
"1761",1761,"hp"
"1762",1762,"cisco"
"1763",1763,NA
"1764",1764,"vanco payment"
"1765",1765,NA
"1766",1766,"cisco"
"1767",1767,NA
"1768",1768,"qa lead"
"1769",1769,"microsoft"
"1770",1770,NA
"1771",1771,NA
"1772",1772,"oracle"
"1773",1773,"cvs caremark"
"1774",1774,"amazon"
"1775",1775,"mvc architecture"
"1776",1776,"high performance"
"1777",1777,"stanford institute"
"1778",1778,NA
"1779",1779,"hewlett packard"
"1780",1780,"java crew"
"1781",1781,"cisco"
"1782",1782,"insight enterprises"
"1783",1783,"cem"
"1784",1784,NA
"1785",1785,"google"
"1786",1786,NA
"1787",1787,"ptc"
"1788",1788,NA
"1789",1789,NA
"1790",1790,NA
"1791",1791,"school of education"
"1792",1792,"cisco"
"1793",1793,"dell"
"1794",1794,"aig"
"1795",1795,"oracle"
"1796",1796,NA
"1797",1797,"intel"
"1798",1798,"ibm"
"1799",1799,"wellington management"
"1800",1800,"bank of america"
"1801",1801,NA
"1802",1802,"united guaranty"
"1803",1803,"microsoft"
"1804",1804,"mvc architecture"
"1805",1805,"united guaranty"
"1806",1806,"cem"
"1807",1807,"northern arizona"
"1808",1808,"imatchative startup,"
"1809",1809,NA
"1810",1810,"amazon"
"1811",1811,"cornell university"
"1812",1812,"hp"
"1813",1813,"xlhybrids"
"1814",1814,NA
"1815",1815,"microsoft"
"1816",1816,"oracle"
"1817",1817,NA
"1818",1818,"intel"
"1819",1819,NA
"1820",1820,"google"
"1821",1821,NA
"1822",1822,NA
"1823",1823,"mvc architecture"
"1824",1824,NA
"1825",1825,"cisco"
"1826",1826,NA
"1827",1827,"google"
"1828",1828,"zcrowd, inc"
"1829",1829,NA
"1830",1830,NA
"1831",1831,"amazon"
"1832",1832,NA
"1833",1833,"amazon"
"1834",1834,NA
"1835",1835,"microsoft"
"1836",1836,"microsoft"
"1837",1837,"cisco"
"1838",1838,"pinnacle group"
"1839",1839,NA
"1840",1840,NA
"1841",1841,"bank of america"
"1842",1842,"hp"
"1843",1843,"verizon"
"1844",1844,"ibm"
"1845",1845,"intel"
"1846",1846,"xmx solutions"
"1847",1847,"paratus llc"
"1848",1848,NA
"1849",1849,NA
"1850",1850,"microsoft"
"1851",1851,"citadel"
"1852",1852,"welcome aboard"
"1853",1853,"xiquant inc"
"1854",1854,"center for"
"1855",1855,"hp"
"1856",1856,"ibm"
"1857",1857,"wells fargo"
"1858",1858,"mylan"
"1859",1859,"deutsche bank"
"1860",1860,NA
"1861",1861,"united health"
"1862",1862,"credit suisse,"
"1863",1863,NA
"1864",1864,"oracle"
"1865",1865,"arizona state"
"1866",1866,"columbia university"
"1867",1867,NA
"1868",1868,"paychex"
"1869",1869,NA
"1870",1870,NA
"1871",1871,"microsoft"
"1872",1872,NA
"1873",1873,"pure storage"
"1874",1874,"morgan stanley"
"1875",1875,"northwestern polytechnic"
"1876",1876,"engineer bomgar"
"1877",1877,NA
"1878",1878,"wells fargo"
"1879",1879,"ny dep"
"1880",1880,NA
"1881",1881,"mvc architecture"
"1882",1882,"verizon"
"1883",1883,"self-employed"
"1884",1884,"motorola mobility"
"1885",1885,"esri"
"1886",1886,"ibm"
"1887",1887,NA
"1888",1888,"quixey"
"1889",1889,NA
"1890",1890,NA
"1891",1891,"intel"
"1892",1892,"qualcomm"
"1893",1893,"rocket fuel"
"1894",1894,NA
"1895",1895,"intel"
"1896",1896,"intel"
"1897",1897,NA
"1898",1898,NA
"1899",1899,"intel"
"1900",1900,"university of maryland"
"1901",1901,"visa"
"1902",1902,"lincoln financial"
"1903",1903,NA
"1904",1904,"verizon"
"1905",1905,NA
"1906",1906,"rj lee"
"1907",1907,NA
"1908",1908,"high performance"
"1909",1909,"ecovent"
"1910",1910,NA
"1911",1911,"self employed"
